fap_subtype,rank,gene,score,logfoldchange,pvals_adj
DA-FAP,1,COL1A2,67.440796,,0.0
DA-FAP,2,COL6A2,62.80916,,0.0
DA-FAP,3,COL3A1,61.454105,,0.0
DA-FAP,4,COL1A1,59.66041,,0.0
DA-FAP,5,LUM,49.666065,,0.0
DA-FAP,6,SFRP4,46.594322,,0.0
DA-FAP,7,CCDC80,46.346535,,0.0
DA-FAP,8,CCL2,45.516747,,0.0
DA-FAP,9,COL6A1,44.54582,,0.0
DA-FAP,10,SPARC,44.414474,,0.0
DA-FAP,11,MT-CO1,44.358665,,0.0
DA-FAP,12,MGP,43.33451,,0.0
DA-FAP,13,CXCL2,42.92638,,0.0
DA-FAP,14,ASPN,42.746258,,0.0
DA-FAP,15,DCN,39.63077,,0.0
DA-FAP,16,TMSB10,38.136013,,0.0
DA-FAP,17,LMNA,38.06035,,0.0
DA-FAP,18,LGALS1,37.89541,,0.0
DA-FAP,19,OGN,37.036644,,2.017728153233944e-298
DA-FAP,20,MT-ND4,36.977806,,1.7435090296206575e-297
DA-FAP,21,CST3,36.696682,,5.288332141844055e-293
DA-FAP,22,FOSB,35.178963,,2.1791838516406334e-269
DA-FAP,23,SFRP2,34.897873,,4.0213366287659436e-265
DA-FAP,24,CRABP2,34.70434,,3.240264515287348e-262
DA-FAP,25,MT-CO2,34.702198,,3.383309947574617e-262
DA-FAP,26,MT2A,34.700348,,3.5534007375717815e-262
DA-FAP,27,GSN,33.39,,7.693311322402821e-243
DA-FAP,28,ICAM1,32.728363,,2.239657088324588e-233
DA-FAP,29,RPL41,32.707764,,4.344519727196901e-233
DA-FAP,30,TNFAIP6,32.480465,,7.051854090614526e-230
DA-FAP,31,MT-ATP6,32.137596,,4.35836804492982e-225
DA-FAP,32,IL6,32.122406,,7.026563082666177e-225
DA-FAP,33,B2M,32.113945,,9.124163064875658e-225
DA-FAP,34,THY1,32.108955,,1.0598351285190105e-224
DA-FAP,35,NAMPT,31.9458,,1.9392855362763328e-222
DA-FAP,36,TMSB4X,30.794134,,8.759820240249728e-207
DA-FAP,37,KDM6B,30.64529,,8.214642473897483e-205
DA-FAP,38,NEAT1,30.588821,,4.5555024839078686e-204
DA-FAP,39,S100A4,30.536745,,2.2027620707189866e-203
DA-FAP,40,JUNB,30.49673,,7.414926958262965e-203
DA-FAP,41,IER3,29.689644,,2.478484067167602e-192
DA-FAP,42,MT-CYB,29.270247,,5.707172839814329e-187
DA-FAP,43,HSPG2,29.047787,,3.74602943287073e-184
DA-FAP,44,MXRA5,28.87319,,5.873145804368421e-182
DA-FAP,45,ABL2,28.473135,,5.584137313741824e-177
DA-FAP,46,SOCS3,28.19399,,1.491179106665534e-173
DA-FAP,47,IGF2,28.16547,,3.3107223316896125e-173
DA-FAP,48,IRF1,28.006613,,2.824197634460572e-171
DA-FAP,49,RUNX1,27.884398,,8.571681475731728e-170
DA-FAP,50,PLAUR,27.443172,,1.6948573232303777e-164
DA-FAP,51,FN1,27.03888,,9.905951331406298e-160
DA-FAP,52,ZFP36,26.975584,,5.417600055145078e-159
DA-FAP,53,TNXB,26.44256,,8.113916264852068e-153
DA-FAP,54,PRSS23,26.240025,,1.6760974275542284e-150
DA-FAP,55,GADD45B,26.083817,,9.805157721983891e-149
DA-FAP,56,TPM2,25.802309,,1.4382054938563192e-145
DA-FAP,57,CILP,25.751024,,5.374489019602815e-145
DA-FAP,58,GPRC5A,25.746511,,6.00364409061141e-145
DA-FAP,59,MT-ND1,25.161253,,1.7148809415492648e-138
DA-FAP,60,EIF1,25.140934,,2.845859287998451e-138
DA-FAP,61,ADAMTS4,24.875172,,2.1794111373233905e-135
DA-FAP,62,RPL21,24.800318,,1.3743149708971559e-134
DA-FAP,63,ELN,24.579872,,3.171769157245573e-132
DA-FAP,64,RGCC,24.574614,,3.591952145300196e-132
DA-FAP,65,ABI3BP,23.793707,,5.787924371756356e-124
DA-FAP,66,DPT,23.749846,,1.6368243869539668e-123
DA-FAP,67,COL15A1,23.636581,,2.3607531834715867e-122
DA-FAP,68,S100A10,23.096199,,7.019689090248806e-117
DA-FAP,69,GEM,22.974781,,1.1308166634978636e-115
DA-FAP,70,MT-ND3,22.923689,,3.644386246221439e-115
DA-FAP,71,COL14A1,22.766846,,1.3029657043420224e-113
DA-FAP,72,BHLHE40,22.21492,,3.1327452692820927e-108
DA-FAP,73,HAS1,22.113876,,2.942425374569999e-107
DA-FAP,74,CRIP1,22.056252,,1.0488402223945501e-106
DA-FAP,75,EMP1,22.028313,,1.9359784445092672e-106
DA-FAP,76,PLAU,21.986784,,4.797750111579428e-106
DA-FAP,77,RPL13,21.86034,,7.685008710355759e-105
DA-FAP,78,JUND,21.62419,,1.3081559955039365e-102
DA-FAP,79,CTHRC1,21.510988,,1.4986646608558194e-101
DA-FAP,80,TNFRSF12A,21.14958,,3.3287775701728596e-98
DA-FAP,81,PIM1,20.971796,,1.4080253412199e-96
DA-FAP,82,RPS12,20.933167,,3.1565649327797362e-96
DA-FAP,83,REL,20.910316,,5.076879690242312e-96
DA-FAP,84,BGN,20.689228,,4.999624620216909e-94
DA-FAP,85,CFD,20.571136,,5.703600948206345e-93
DA-FAP,86,IGFBP6,20.402683,,1.7929014306169335e-91
DA-FAP,87,TUBB2A,20.121334,,5.396317470179549e-89
DA-FAP,88,COL16A1,20.028603,,3.474904586460989e-88
DA-FAP,89,CLEC11A,19.98636,,8.077836614324565e-88
DA-FAP,90,FBLN1,19.90337,,4.230042092789547e-87
DA-FAP,91,RGS16,19.436638,,4.098400052217395e-83
DA-FAP,92,CD44,19.240671,,1.8186485215055356e-81
DA-FAP,93,PFKFB3,19.233122,,2.096210591798814e-81
DA-FAP,94,MMP2,19.225985,,2.396922923028902e-81
DA-FAP,95,FBLN2,19.022434,,1.1755995915655487e-79
DA-FAP,96,CHD1,18.714426,,3.964850447985732e-77
DA-FAP,97,RPL26,18.65338,,1.2358615255922361e-76
DA-FAP,98,COL18A1,18.640715,,1.5607639801941846e-76
DA-FAP,99,NFKBIZ,18.635868,,1.7028568960297648e-76
DA-FAP,100,NFATC1,18.299128,,8.473126999089213e-74
ECM-remodeling FAP,1,PRG4,42.034683,,0.0
ECM-remodeling FAP,2,PCOLCE2,36.280308,,3.3222964767595133e-285
ECM-remodeling FAP,3,PTGIS,31.959139,,1.7360049460111502e-221
ECM-remodeling FAP,4,PROCR,31.566261,,4.0403584455250884e-216
ECM-remodeling FAP,5,SH3BGRL3,30.738073,,5.90915281376668e-205
ECM-remodeling FAP,6,GPX4,26.246553,,1.2409244589508007e-149
ECM-remodeling FAP,7,CD55,25.752207,,4.5874635140277186e-144
ECM-remodeling FAP,8,FXYD5,25.362576,,8.942825945285925e-140
ECM-remodeling FAP,9,GYPC,25.10158,,6.000554590541128e-137
ECM-remodeling FAP,10,DEFB1,24.919113,,5.566039757438187e-135
ECM-remodeling FAP,11,CPE,24.59673,,1.5278970088047554e-131
ECM-remodeling FAP,12,CRYAB,24.535292,,6.681371519794469e-131
ECM-remodeling FAP,13,PPP1R14B,24.46967,,3.2290549883281883e-130
ECM-remodeling FAP,14,FBN1,24.379465,,2.8365949231021057e-129
ECM-remodeling FAP,15,ASPN,23.66824,,6.994087293578888e-122
ECM-remodeling FAP,16,CD9,23.533493,,1.6419309469421144e-120
ECM-remodeling FAP,17,NBL1,23.292868,,4.382469306555255e-118
ECM-remodeling FAP,18,EMP3,22.99801,,3.9737807959814012e-115
ECM-remodeling FAP,19,FSTL1,22.828793,,1.8825516222364996e-113
ECM-remodeling FAP,20,MFAP5,22.771421,,6.802099395580276e-113
ECM-remodeling FAP,21,POLR2L,22.684727,,4.775573418410533e-112
ECM-remodeling FAP,22,SH2D1A,22.488363,,3.9649156752230394e-110
ECM-remodeling FAP,23,OST4,22.476677,,5.0360412407783304e-110
ECM-remodeling FAP,24,CRIP1,22.340988,,1.0352245852881693e-108
ECM-remodeling FAP,25,HSD3B7,22.074717,,3.7874570187897667e-106
ECM-remodeling FAP,26,CLIC1,21.732862,,6.57285996207159e-103
ECM-remodeling FAP,27,LINC01133,21.627094,,6.4029735522468585e-102
ECM-remodeling FAP,28,CNN3,21.08815,,6.413871936449824e-97
ECM-remodeling FAP,29,CD99,21.009518,,3.3006106113272127e-96
ECM-remodeling FAP,30,CD70,20.933044,,1.6139352718156608e-95
ECM-remodeling FAP,31,CD248,20.875809,,5.249369588066614e-95
ECM-remodeling FAP,32,MXRA8,20.824127,,1.5160403748312956e-94
ECM-remodeling FAP,33,TGFBR3,20.738514,,8.849286212616715e-94
ECM-remodeling FAP,34,AHNAK2,20.703333,,1.8034531995622694e-93
ECM-remodeling FAP,35,TAGLN2,20.660322,,4.318815262612347e-93
ECM-remodeling FAP,36,GALNT15,20.639767,,6.4911216699650244e-93
ECM-remodeling FAP,37,PLA2G2A,20.435183,,4.3020698402278905e-91
ECM-remodeling FAP,38,SEMA3C,20.433813,,4.34825527022233e-91
ECM-remodeling FAP,39,MGST1,20.217339,,3.518671319097702e-89
ECM-remodeling FAP,40,ADAMTS5,20.0928,,4.284058175672361e-88
ECM-remodeling FAP,41,PLIN2,19.925581,,1.2061820839991507e-86
ECM-remodeling FAP,42,HTRA3,19.896786,,2.1085070726874558e-86
ECM-remodeling FAP,43,DBI,19.859804,,4.336004965312153e-86
ECM-remodeling FAP,44,ARL6IP5,19.652624,,2.584598828376712e-84
ECM-remodeling FAP,45,DPP4,19.550095,,1.8797480346500123e-83
ECM-remodeling FAP,46,NDUFB1,19.07893,,1.6744943308123818e-79
ECM-remodeling FAP,47,TMA7,19.015703,,5.520754380229317e-79
ECM-remodeling FAP,48,LTBP2,18.22615,,1.285844305614012e-72
ECM-remodeling FAP,49,PFN1,18.179726,,2.9232602188485956e-72
ECM-remodeling FAP,50,PTHLH,18.147058,,5.232790774218689e-72
ECM-remodeling FAP,51,UAP1,18.079782,,1.7539786204903275e-71
ECM-remodeling FAP,52,EIF5A,18.028065,,4.364234881398326e-71
ECM-remodeling FAP,53,COX5B,17.93542,,2.237916820441765e-70
ECM-remodeling FAP,54,SNX3,17.653957,,3.2855654641645522e-68
ECM-remodeling FAP,55,LOXL1,17.629124,,5.0409844348305815e-68
ECM-remodeling FAP,56,PPDPF,17.56594,,1.520669134042507e-67
ECM-remodeling FAP,57,COX4I1,17.545792,,2.144377873729198e-67
ECM-remodeling FAP,58,COL12A1,17.463982,,8.9221123262466e-67
ECM-remodeling FAP,59,HSPB1,17.414644,,2.09219295912787e-66
ECM-remodeling FAP,60,TPM4,17.316296,,1.148344874293955e-65
ECM-remodeling FAP,61,NOVA1,17.301117,,1.4787781578925236e-65
ECM-remodeling FAP,62,COX6A1,17.161375,,1.6389417813512076e-64
ECM-remodeling FAP,63,UQCRB,17.14443,,2.1710738565434697e-64
ECM-remodeling FAP,64,HLA-B,17.116093,,3.4970383152623894e-64
ECM-remodeling FAP,65,CLEC3B,17.057089,,9.51878882100027e-64
ECM-remodeling FAP,66,RPL36A,17.03928,,1.277853136698852e-63
ECM-remodeling FAP,67,SLPI,16.983002,,3.2733856928715236e-63
ECM-remodeling FAP,68,HES1,16.922588,,9.05815982427634e-63
ECM-remodeling FAP,69,CLU,16.897457,,1.3740673116732726e-62
ECM-remodeling FAP,70,MYL12A,16.858372,,2.6130804353976993e-62
ECM-remodeling FAP,71,PKM,16.851233,,2.920672895181688e-62
ECM-remodeling FAP,72,ENO1,16.669874,,6.11198976632019e-61
ECM-remodeling FAP,73,ISLR,16.548887,,4.5080992850675313e-60
ECM-remodeling FAP,74,PABPC1,16.486841,,1.238264291529546e-59
ECM-remodeling FAP,75,CD34,16.453938,,2.0954926052942887e-59
ECM-remodeling FAP,76,VASN,16.436178,,2.7603867999717593e-59
ECM-remodeling FAP,77,CITED2,16.413292,,3.99075080740575e-59
ECM-remodeling FAP,78,COX6B1,16.33369,,1.45131130875013e-58
ECM-remodeling FAP,79,CADM3,16.311838,,2.0414955152080087e-58
ECM-remodeling FAP,80,CDA,16.200954,,1.2363392367825185e-57
ECM-remodeling FAP,81,LDHA,16.141361,,3.226111855286627e-57
ECM-remodeling FAP,82,BRK1,15.985659,,3.9085911877028575e-56
ECM-remodeling FAP,83,RHOA,15.980596,,4.20541707967778e-56
ECM-remodeling FAP,84,EFEMP1,15.977945,,4.353240130282612e-56
ECM-remodeling FAP,85,EIF3E,15.9517,,6.577490382740156e-56
ECM-remodeling FAP,86,PRELP,15.917083,,1.1354008616305412e-55
ECM-remodeling FAP,87,RABAC1,15.898217,,1.5227131235582865e-55
ECM-remodeling FAP,88,NDUFA1,15.892715,,1.649643296491852e-55
ECM-remodeling FAP,89,YBX1,15.865692,,2.5185845750339458e-55
ECM-remodeling FAP,90,DDAH2,15.764649,,1.2434143339388707e-54
ECM-remodeling FAP,91,UQCRQ,15.696153,,3.640424721500996e-54
ECM-remodeling FAP,92,KCNAB1,15.556903,,3.2118856875349976e-53
ECM-remodeling FAP,93,C1QTNF3,15.518923,,5.766057340054542e-53
ECM-remodeling FAP,94,AKR1C1,15.504216,,7.197042889648911e-53
ECM-remodeling FAP,95,SCARA5,15.469888,,1.2184677166268706e-52
ECM-remodeling FAP,96,PHGDH,15.355145,,7.143317786003388e-52
ECM-remodeling FAP,97,EIF3H,15.311189,,1.395442512239203e-51
ECM-remodeling FAP,98,DYNLL1,15.281399,,2.1894499950516985e-51
ECM-remodeling FAP,99,DSTN,15.259741,,3.030324483042361e-51
ECM-remodeling FAP,100,GABARAPL2,15.103063,,3.2799814586714453e-50
adipogenic FAP,1,CYP4B1,70.90233,,0.0
adipogenic FAP,2,PRDX6,63.624386,,0.0
adipogenic FAP,3,GALNT15,61.315735,,0.0
adipogenic FAP,4,GLUL,60.935745,,0.0
adipogenic FAP,5,NAP1L1,59.957535,,0.0
adipogenic FAP,6,RAMP2,59.040955,,0.0
adipogenic FAP,7,PDLIM1,58.952106,,0.0
adipogenic FAP,8,FKBP5,58.54601,,0.0
adipogenic FAP,9,PRELP,53.96258,,0.0
adipogenic FAP,10,SAMHD1,53.034855,,0.0
adipogenic FAP,11,IGFBP3,49.29107,,0.0
adipogenic FAP,12,COL4A1,49.027214,,0.0
adipogenic FAP,13,TGFBR3,48.577938,,0.0
adipogenic FAP,14,LINC01088,47.96266,,0.0
adipogenic FAP,15,TXNIP,46.635647,,0.0
adipogenic FAP,16,FOXO3,46.380356,,0.0
adipogenic FAP,17,EIF4A2,46.37224,,0.0
adipogenic FAP,18,NID1,46.336468,,0.0
adipogenic FAP,19,ZBTB16,45.94641,,0.0
adipogenic FAP,20,ZFAND5,45.7586,,0.0
adipogenic FAP,21,COL4A2,44.972218,,0.0
adipogenic FAP,22,PDK4,44.933125,,0.0
adipogenic FAP,23,DDIT4,44.619995,,0.0
adipogenic FAP,24,MT1X,44.372665,,0.0
adipogenic FAP,25,GPX3,43.380993,,0.0
adipogenic FAP,26,TSC22D3,42.998493,,0.0
adipogenic FAP,27,SRPX,42.708168,,0.0
adipogenic FAP,28,HIF3A,40.969772,,0.0
adipogenic FAP,29,CCNI,40.82419,,0.0
adipogenic FAP,30,NPM1,40.692303,,0.0
adipogenic FAP,31,LPP,40.374237,,0.0
adipogenic FAP,32,CNBP,39.903526,,0.0
adipogenic FAP,33,BTF3,39.857975,,0.0
adipogenic FAP,34,PID1,38.587845,,0.0
adipogenic FAP,35,BZW1,38.484688,,0.0
adipogenic FAP,36,LDHB,37.88688,,0.0
adipogenic FAP,37,TGFBR2,37.48876,,6.043867399587058e-306
adipogenic FAP,38,HSPA1A,37.342415,,1.3893561055958706e-303
adipogenic FAP,39,HSPA1B,37.220043,,1.3172174060076595e-301
adipogenic FAP,40,EIF3E,37.1901,,3.9627671181475926e-301
adipogenic FAP,41,RPS4Y1,36.73839,,6.971985497023959e-294
adipogenic FAP,42,EEF1B2,35.578564,,1.1322151097947183e-275
adipogenic FAP,43,YBX3,35.575905,,1.2292068649297329e-275
adipogenic FAP,44,RHOB,35.37186,,1.6591572180774298e-272
adipogenic FAP,45,KIAA0040,34.765224,,2.7629970840393932e-263
adipogenic FAP,46,TACC1,34.450512,,1.4648830842766567e-258
adipogenic FAP,47,TFPI,32.992992,,3.1797747083596454e-237
adipogenic FAP,48,ZBTB20,32.78015,,3.4728809192067484e-234
adipogenic FAP,49,HNRNPK,32.486946,,4.8634245973063845e-230
adipogenic FAP,50,SAT1,32.476444,,6.775699482803879e-230
adipogenic FAP,51,USP53,32.135487,,4.0426411236757067e-225
adipogenic FAP,52,FOXO1,32.116764,,7.312121247683834e-225
adipogenic FAP,53,ST13,31.807865,,1.4058433126699089e-220
adipogenic FAP,54,HSPH1,31.696154,,4.852228599344305e-219
adipogenic FAP,55,ZFAS1,31.373325,,1.258399670731285e-214
adipogenic FAP,56,EEF2,31.197418,,3.0524871632369807e-212
adipogenic FAP,57,CIRBP,31.107077,,5.018920111091909e-211
adipogenic FAP,58,PIK3R1,31.106106,,5.128585597450708e-211
adipogenic FAP,59,SLPI,30.953913,,5.746581136711531e-209
adipogenic FAP,60,CFH,30.933832,,1.061417709884071e-208
adipogenic FAP,61,N4BP2L2,30.908443,,2.3096651978520263e-208
adipogenic FAP,62,RSL24D1,30.888535,,4.240164479768652e-208
adipogenic FAP,63,UBXN1,30.326221,,1.246868648472828e-200
adipogenic FAP,64,EIF4A1,30.240726,,1.652018903074017e-199
adipogenic FAP,65,RPS10,29.885294,,7.193002884901872e-195
adipogenic FAP,66,THBS1,29.690672,,2.3484437164455222e-192
adipogenic FAP,67,PABPC1,29.681583,,3.0531759125027544e-192
adipogenic FAP,68,MYL12A,29.67814,,3.3563852514189975e-192
adipogenic FAP,69,PTMA,29.181679,,7.44830759510497e-186
adipogenic FAP,70,RBM3,29.133656,,3.003715434024354e-185
adipogenic FAP,71,GGT5,29.129349,,3.380641160528203e-185
adipogenic FAP,72,MGST1,29.057064,,2.755674775646818e-184
adipogenic FAP,73,SLC25A3,28.954107,,5.4002497837192574e-183
adipogenic FAP,74,CFLAR,28.841805,,1.3816887587390776e-181
adipogenic FAP,75,EIF3G,28.78032,,8.082948434301582e-181
adipogenic FAP,76,C1QTNF1,28.49082,,3.2297934117783727e-177
adipogenic FAP,77,YWHAE,28.375204,,8.620617781108967e-176
adipogenic FAP,78,PLA2G2A,28.339182,,2.3806917205266467e-175
adipogenic FAP,79,NDRG2,28.29842,,7.509993735737105e-175
adipogenic FAP,80,VAMP2,28.276617,,1.3830053371330764e-174
adipogenic FAP,81,PARK7,28.274418,,1.4618733681647332e-174
adipogenic FAP,82,RPSA,28.199108,,1.2208123183413576e-173
adipogenic FAP,83,TALDO1,28.152756,,4.4837532958723715e-173
adipogenic FAP,84,EIF3H,27.80571,,7.28689692661315e-169
adipogenic FAP,85,RASSF4,27.656748,,4.500279898828945e-167
adipogenic FAP,86,UBE2D3,27.533125,,1.3612296910518894e-165
adipogenic FAP,87,LAMA2,27.45215,,1.2488412540415292e-164
adipogenic FAP,88,PCBP2,27.31342,,5.56899931147679e-163
adipogenic FAP,89,CEBPB,27.297228,,8.616119462223766e-163
adipogenic FAP,90,PTGES3,27.221119,,6.79444660749348e-162
adipogenic FAP,91,CITED2,27.193628,,1.4280842934994338e-161
adipogenic FAP,92,SRSF3,27.108854,,1.422568731812859e-160
adipogenic FAP,93,SKP1,27.067549,,4.335149524815779e-160
adipogenic FAP,94,MAP1B,27.025192,,1.340898346558602e-159
adipogenic FAP,95,SLC39A14,26.892881,,4.715099203471938e-158
adipogenic FAP,96,PPDPF,26.84925,,1.5164267016765573e-157
adipogenic FAP,97,EIF3L,26.777353,,1.0331661770202026e-156
adipogenic FAP,98,CRISPLD2,26.56477,,3.002497803974717e-154
adipogenic FAP,99,ADH5,26.285707,,4.7831642204575415e-151
adipogenic FAP,100,RBMS3,25.961441,,2.2989283028801266e-147
homeostatic FAP,1,MT-ATP6,83.30623,,0.0
homeostatic FAP,2,MT-CO2,81.922485,,0.0
homeostatic FAP,3,MT-CO1,81.55954,,0.0
homeostatic FAP,4,MT-ND3,80.63632,,0.0
homeostatic FAP,5,MT-CYB,79.39532,,0.0
homeostatic FAP,6,MT-ND4,75.04407,,0.0
homeostatic FAP,7,MT-ND1,74.01907,,0.0
homeostatic FAP,8,CFD,73.04746,,0.0
homeostatic FAP,9,DCN,71.71013,,0.0
homeostatic FAP,10,GSN,71.43315,,0.0
homeostatic FAP,11,CD81,65.05421,,0.0
homeostatic FAP,12,MARCKS,63.76919,,0.0
homeostatic FAP,13,JUN,62.611443,,0.0
homeostatic FAP,14,FOS,59.686733,,0.0
homeostatic FAP,15,LGALS1,58.87672,,0.0
homeostatic FAP,16,PLAC9,57.28824,,0.0
homeostatic FAP,17,S100A4,55.975945,,0.0
homeostatic FAP,18,COL1A2,55.059704,,0.0
homeostatic FAP,19,COL6A2,54.12926,,0.0
homeostatic FAP,20,CST3,52.739307,,0.0
homeostatic FAP,21,MGP,52.377453,,0.0
homeostatic FAP,22,FBLN2,52.025524,,0.0
homeostatic FAP,23,TIMP3,51.095284,,0.0
homeostatic FAP,24,TNXB,50.76245,,0.0
homeostatic FAP,25,AHNAK,50.410152,,0.0
homeostatic FAP,26,JUND,47.701065,,0.0
homeostatic FAP,27,FBN1,47.212357,,0.0
homeostatic FAP,28,IGFBP6,47.12348,,0.0
homeostatic FAP,29,COL15A1,45.2654,,0.0
homeostatic FAP,30,GAS7,44.572758,,0.0
homeostatic FAP,31,LUM,44.009903,,0.0
homeostatic FAP,32,CALM1,43.755257,,0.0
homeostatic FAP,33,ACKR3,43.738503,,0.0
homeostatic FAP,34,F10,43.736298,,0.0
homeostatic FAP,35,S100A10,43.444794,,0.0
homeostatic FAP,36,FNDC5,43.1258,,0.0
homeostatic FAP,37,ITM2A,42.993225,,0.0
homeostatic FAP,38,CCDC80,42.54054,,0.0
homeostatic FAP,39,MT-ATP8,41.560467,,0.0
homeostatic FAP,40,COL6A1,40.964386,,0.0
homeostatic FAP,41,PTGDS,40.88334,,0.0
homeostatic FAP,42,NFIB,40.867554,,0.0
homeostatic FAP,43,COL3A1,40.368813,,0.0
homeostatic FAP,44,SMOC2,39.79318,,0.0
homeostatic FAP,45,SPTBN1,39.45761,,0.0
homeostatic FAP,46,INTS6,39.342434,,0.0
homeostatic FAP,47,SSPN,39.25714,,0.0
homeostatic FAP,48,LAMA4,39.023624,,0.0
homeostatic FAP,49,FOSB,39.008797,,0.0
homeostatic FAP,50,RPL13,38.667164,,0.0
homeostatic FAP,51,TUBA1A,37.98059,,0.0
homeostatic FAP,52,KLF2,37.473686,,5.5160811731788885e-306
homeostatic FAP,53,CILP,37.340282,,8.017880465708338e-304
homeostatic FAP,54,ITIH5,37.116882,,3.207017137143737e-300
homeostatic FAP,55,FGL2,37.087646,,9.364012477541411e-300
homeostatic FAP,56,DST,36.82556,,1.4857321853764093e-295
homeostatic FAP,57,TCF4,36.291172,,4.5084695343516266e-287
homeostatic FAP,58,NEAT1,35.833042,,6.697490276605087e-280
homeostatic FAP,59,DPT,34.931267,,4.784265856126063e-266
homeostatic FAP,60,FN1,33.041447,,3.5953145811402816e-238
homeostatic FAP,61,HSPG2,32.47515,,4.072363587210657e-230
homeostatic FAP,62,EGR1,31.99771,,1.921503876632774e-223
homeostatic FAP,63,SEMA3C,31.988531,,2.564129446321318e-223
homeostatic FAP,64,MFAP5,31.968634,,4.795966724387302e-223
homeostatic FAP,65,ABCA10,31.947756,,9.253461304856872e-223
homeostatic FAP,66,ACTA1,30.55036,,8.383418690239737e-204
homeostatic FAP,67,LTBP4,30.503283,,3.5162775591347834e-203
homeostatic FAP,68,ACTB,30.078724,,1.3451785837283e-197
homeostatic FAP,69,IGFBP5,29.62154,,1.1321197058940081e-191
homeostatic FAP,70,FILIP1L,29.511946,,2.861549476136945e-190
homeostatic FAP,71,TPPP3,29.389648,,1.0340458866312672e-188
homeostatic FAP,72,IGF2,29.06917,,1.2010920963918889e-184
homeostatic FAP,73,PI16,28.884588,,2.5307474807103995e-182
homeostatic FAP,74,HMCN2,28.783808,,4.6219138415669607e-181
homeostatic FAP,75,LIMA1,28.709063,,3.90274977898728e-180
homeostatic FAP,76,ISLR,28.433811,,1.0122458602137434e-176
homeostatic FAP,77,PCDH9,28.0961,,1.401635237608748e-172
homeostatic FAP,78,KCNQ1OT1,27.703758,,7.930703210497129e-168
homeostatic FAP,79,CPB1,27.647682,,3.735774349813161e-167
homeostatic FAP,80,MEG3,27.5192,,1.2934027327617023e-165
homeostatic FAP,81,SPARCL1,27.310892,,3.8727624638474065e-163
homeostatic FAP,82,AKAP12,26.985882,,2.6298167385872765e-159
homeostatic FAP,83,CD248,26.86082,,7.6292070337379e-158
homeostatic FAP,84,DOCK4,26.607235,,6.640577128906069e-155
homeostatic FAP,85,PIK3R1,26.268978,,5.0674592298832775e-151
homeostatic FAP,86,OGN,26.129305,,1.963233232744892e-149
homeostatic FAP,87,CLEC3B,24.901335,,8.151679084804314e-136
homeostatic FAP,88,CBLN4,24.397476,,2.0002306029901256e-130
homeostatic FAP,89,VEGFB,24.390554,,2.3602287204676594e-130
homeostatic FAP,90,ANXA2,24.30249,,2.0068696791318134e-129
homeostatic FAP,91,GAS1,24.253452,,6.566241719414808e-129
homeostatic FAP,92,CAST,24.193,,2.8264343273955463e-128
homeostatic FAP,93,BCHE,23.668447,,7.974893959296555e-123
homeostatic FAP,94,SCARA5,23.662859,,9.072874014611804e-123
homeostatic FAP,95,CLEC14A,23.648626,,1.2668937832247463e-122
homeostatic FAP,96,IRF1,23.573347,,7.490966537212477e-122
homeostatic FAP,97,PPP1R10,23.437569,,1.8079408085252867e-120
homeostatic FAP,98,ABCA8,23.353388,,1.2959521836577915e-119
homeostatic FAP,99,PDGFRA,23.326366,,2.4294774701281836e-119
homeostatic FAP,100,COL14A1,23.232632,,2.1478960306743466e-118
inflammatory FAP,1,GPX3,72.38362,,0.0
inflammatory FAP,2,RPS29,68.656,,0.0
inflammatory FAP,3,RPL36A,67.126114,,0.0
inflammatory FAP,4,EFEMP1,60.18609,,0.0
inflammatory FAP,5,RPL17,58.481373,,0.0
inflammatory FAP,6,GPX4,58.243538,,0.0
inflammatory FAP,7,EEF2,57.813072,,0.0
inflammatory FAP,8,RPS26,56.090202,,0.0
inflammatory FAP,9,MGST1,54.279808,,0.0
inflammatory FAP,10,BTF3,52.337696,,0.0
inflammatory FAP,11,RPS10,52.060642,,0.0
inflammatory FAP,12,NUPR1,50.828766,,0.0
inflammatory FAP,13,RPS5,50.757202,,0.0
inflammatory FAP,14,PFDN5,50.55162,,0.0
inflammatory FAP,15,MIF,50.47088,,0.0
inflammatory FAP,16,CXCL12,49.505474,,0.0
inflammatory FAP,17,RPL27,49.215656,,0.0
inflammatory FAP,18,CHCHD2,48.26659,,0.0
inflammatory FAP,19,RPSA,48.236645,,0.0
inflammatory FAP,20,TMEM59,47.786915,,0.0
inflammatory FAP,21,CIRBP,47.317966,,0.0
inflammatory FAP,22,RPS17,46.903473,,0.0
inflammatory FAP,23,ADH1B,45.405373,,0.0
inflammatory FAP,24,S100A13,45.28231,,0.0
inflammatory FAP,25,RPL21,45.1935,,0.0
inflammatory FAP,26,UBB,45.051968,,0.0
inflammatory FAP,27,LDHA,44.93902,,0.0
inflammatory FAP,28,GYPC,43.804813,,0.0
inflammatory FAP,29,EIF3F,43.729446,,0.0
inflammatory FAP,30,SERPINF1,43.623207,,0.0
inflammatory FAP,31,RPS2,43.55027,,0.0
inflammatory FAP,32,ENO1,43.378433,,0.0
inflammatory FAP,33,TPI1,43.367435,,0.0
inflammatory FAP,34,EIF3E,43.26115,,0.0
inflammatory FAP,35,EPHX1,42.91317,,0.0
inflammatory FAP,36,GSTP1,42.71084,,0.0
inflammatory FAP,37,DSTN,42.702183,,0.0
inflammatory FAP,38,RPS3,42.3136,,0.0
inflammatory FAP,39,PFN1,42.15714,,0.0
inflammatory FAP,40,PSMA7,42.082737,,0.0
inflammatory FAP,41,SOD1,42.021366,,0.0
inflammatory FAP,42,RPS21,41.7165,,0.0
inflammatory FAP,43,PLA2G2A,41.555702,,0.0
inflammatory FAP,44,TMA7,41.402416,,0.0
inflammatory FAP,45,NOVA1,41.266003,,0.0
inflammatory FAP,46,RPL26,41.22942,,0.0
inflammatory FAP,47,RPL41,41.153652,,0.0
inflammatory FAP,48,RPL3,40.99432,,0.0
inflammatory FAP,49,HNRNPA0,40.815968,,0.0
inflammatory FAP,50,YBX1,40.76761,,0.0
inflammatory FAP,51,HLA-E,40.75129,,0.0
inflammatory FAP,52,CFL1,40.68779,,0.0
inflammatory FAP,53,ZFAS1,40.476307,,0.0
inflammatory FAP,54,NNMT,40.443104,,0.0
inflammatory FAP,55,IFITM1,40.151344,,0.0
inflammatory FAP,56,NDUFB1,40.002247,,0.0
inflammatory FAP,57,SUMO2,39.99445,,0.0
inflammatory FAP,58,LAPTM4A,39.96437,,0.0
inflammatory FAP,59,GAPDH,39.757446,,0.0
inflammatory FAP,60,RPS7,39.648754,,0.0
inflammatory FAP,61,COX6B1,39.352573,,0.0
inflammatory FAP,62,RPL14,39.32126,,0.0
inflammatory FAP,63,RPL36AL,39.01997,,0.0
inflammatory FAP,64,TRMT112,38.857975,,0.0
inflammatory FAP,65,ATP6V0E1,38.66467,,0.0
inflammatory FAP,66,EDF1,38.553394,,0.0
inflammatory FAP,67,SNX3,38.548973,,0.0
inflammatory FAP,68,EIF3K,38.49319,,0.0
inflammatory FAP,69,APOD,38.365433,,0.0
inflammatory FAP,70,PSMB1,38.32674,,0.0
inflammatory FAP,71,HSPB1,38.308147,,0.0
inflammatory FAP,72,CCNI,38.24408,,0.0
inflammatory FAP,73,SKP1,38.230057,,0.0
inflammatory FAP,74,SOD3,38.11141,,0.0
inflammatory FAP,75,CNBP,38.053482,,0.0
inflammatory FAP,76,RPL6,38.0094,,0.0
inflammatory FAP,77,COMMD6,37.84211,,0.0
inflammatory FAP,78,RPS4Y1,37.47555,,7.548387676396399e-306
inflammatory FAP,79,CD99,37.45257,,1.7671732601272338e-305
inflammatory FAP,80,TIMP1,37.404503,,1.058176559842574e-304
inflammatory FAP,81,FBLN5,37.334476,,1.4362813048906775e-303
inflammatory FAP,82,CD59,37.075493,,2.1894732028245936e-299
inflammatory FAP,83,DUSP1,36.98132,,7.1017486200079876e-298
inflammatory FAP,84,SDCBP,36.671417,,6.41257629577805e-293
inflammatory FAP,85,COX5B,36.29351,,6.232971848057517e-287
inflammatory FAP,86,UBXN1,36.239384,,4.400210539605136e-286
inflammatory FAP,87,EEF1B2,36.169792,,5.422948238037467e-285
inflammatory FAP,88,HLA-C,36.154922,,9.1973552610284e-285
inflammatory FAP,89,PRDX1,36.078453,,1.4447890200398924e-283
inflammatory FAP,90,COX6A1,35.993675,,3.043688323610205e-282
inflammatory FAP,91,OST4,35.950623,,1.4202665116633948e-281
inflammatory FAP,92,SNHG8,35.948193,,1.5353072406896818e-281
inflammatory FAP,93,CALM2,35.936584,,2.309248430717898e-281
inflammatory FAP,94,AKR1C1,35.78133,,6.013380533917295e-279
inflammatory FAP,95,EID1,35.473843,,3.439970834531466e-274
inflammatory FAP,96,RABAC1,35.171787,,1.4790241783808952e-269
inflammatory FAP,97,PSMB3,34.983994,,1.0696667972363051e-266
inflammatory FAP,98,COX4I1,34.934258,,6.0411848916934996e-266
inflammatory FAP,99,SEC62,34.54572,,4.367976912647059e-260
inflammatory FAP,100,MYL12B,34.388645,,9.766150028229476e-258
