analysis,removed,n_iterations,spearman_with_original_da_score,top_quartile_overlap,genes_used
all_modules_recomputed,none,1,0.8133800841347721,0.7429236653916514,PPARG;CEBPA;FABP4;LPL;CD36;COL1A1;COL3A1;COL6A1;FN1;POSTN;TNC;THBS2;LOX;ACTA2;IL6;CCL2;CXCL12;CXCL14;ICAM1;VCAM1;SPP1;MMP2;MMP14;TIMP1
drop_module,adipogenic,1,0.6750675057501767,0.6029602527856311,COL1A1;COL3A1;COL6A1;FN1;POSTN;TNC;THBS2;LOX;ACTA2;IL6;CCL2;CXCL12;CXCL14;ICAM1;VCAM1;SPP1;MMP2;MMP14;TIMP1
drop_module,fibrotic_ecm,1,0.6473690155697149,0.6677532013969733,PPARG;CEBPA;FABP4;LPL;CD36;IL6;CCL2;CXCL12;CXCL14;ICAM1;VCAM1;SPP1;MMP2;MMP14;TIMP1
drop_module,inflammatory_remodeling,1,0.6728164474436936,0.6463329452852153,PPARG;CEBPA;FABP4;LPL;CD36;COL1A1;COL3A1;COL6A1;FN1;POSTN;TNC;THBS2;LOX;ACTA2
bootstrap_80pct_genes,iteration_1,100,0.7317194858331489,0.7007483785132214,CD36;CEBPA;FABP4;LPL;ACTA2;COL1A1;COL6A1;FN1;LOX;POSTN;THBS2;TNC;CCL2;CXCL14;ICAM1;IL6;MMP14;MMP2;SPP1;TIMP1
bootstrap_80pct_genes,iteration_2,100,0.7963929313754936,0.7334774654914352,CD36;CEBPA;FABP4;LPL;ACTA2;COL1A1;COL3A1;COL6A1;LOX;POSTN;THBS2;TNC;CCL2;CXCL12;CXCL14;ICAM1;IL6;SPP1;TIMP1;VCAM1
bootstrap_80pct_genes,iteration_3,100,0.7189408573127366,0.6354232496258108,CD36;CEBPA;LPL;PPARG;ACTA2;COL3A1;COL6A1;FN1;LOX;POSTN;THBS2;TNC;CCL2;CXCL12;CXCL14;MMP14;MMP2;SPP1;TIMP1;VCAM1
bootstrap_80pct_genes,iteration_4,100,0.7541602595148535,0.6802594378845834,CD36;CEBPA;LPL;PPARG;ACTA2;COL1A1;COL6A1;FN1;LOX;POSTN;THBS2;TNC;CCL2;CXCL12;CXCL14;IL6;MMP14;SPP1;TIMP1;VCAM1
bootstrap_80pct_genes,iteration_5,100,0.7829259133743867,0.7152502910360885,CD36;CEBPA;LPL;PPARG;ACTA2;COL1A1;COL3A1;COL6A1;FN1;LOX;POSTN;THBS2;CCL2;CXCL12;CXCL14;IL6;MMP14;MMP2;SPP1;TIMP1
bootstrap_80pct_genes,iteration_6,100,0.7503845042201858,0.6862464659903542,CD36;CEBPA;FABP4;PPARG;ACTA2;COL1A1;COL3A1;COL6A1;FN1;LOX;POSTN;THBS2;CXCL12;CXCL14;IL6;MMP14;MMP2;SPP1;TIMP1;VCAM1
bootstrap_80pct_genes,iteration_7,100,0.7831924582174267,0.7038084151006153,CD36;FABP4;LPL;PPARG;ACTA2;COL3A1;COL6A1;FN1;LOX;POSTN;THBS2;TNC;CCL2;CXCL12;CXCL14;ICAM1;IL6;SPP1;TIMP1;VCAM1
bootstrap_80pct_genes,iteration_8,100,0.8071907408717938,0.7336105105604523,CEBPA;FABP4;LPL;PPARG;ACTA2;COL1A1;COL3A1;COL6A1;FN1;LOX;THBS2;TNC;CCL2;CXCL12;CXCL14;ICAM1;IL6;SPP1;TIMP1;VCAM1
bootstrap_80pct_genes,iteration_9,100,0.7947683504192126,0.7256278064194246,CD36;CEBPA;FABP4;LPL;ACTA2;COL1A1;COL3A1;COL6A1;LOX;POSTN;THBS2;TNC;CCL2;CXCL12;CXCL14;ICAM1;IL6;MMP14;SPP1;VCAM1
bootstrap_80pct_genes,iteration_10,100,0.7611142583757871,0.6902378180608681,CEBPA;FABP4;LPL;PPARG;COL1A1;COL3A1;COL6A1;FN1;LOX;POSTN;THBS2;TNC;CCL2;CXCL12;CXCL14;MMP14;MMP2;SPP1;TIMP1;VCAM1
bootstrap_80pct_genes,iteration_11,100,0.7447700088759122,0.7040745052386496,CD36;CEBPA;LPL;PPARG;COL1A1;COL3A1;COL6A1;FN1;LOX;POSTN;THBS2;TNC;CCL2;CXCL12;ICAM1;IL6;MMP14;MMP2;SPP1;VCAM1
bootstrap_80pct_genes,iteration_12,100,0.7317194858331489,0.7007483785132214,CD36;CEBPA;FABP4;LPL;ACTA2;COL1A1;COL6A1;FN1;LOX;POSTN;THBS2;TNC;CCL2;CXCL14;ICAM1;IL6;MMP14;MMP2;SPP1;TIMP1
bootstrap_80pct_genes,iteration_13,100,0.7390024034757795,0.6955596208215533,CEBPA;FABP4;LPL;PPARG;ACTA2;COL1A1;COL3A1;COL6A1;LOX;POSTN;THBS2;TNC;CCL2;CXCL12;ICAM1;IL6;MMP14;SPP1;TIMP1;VCAM1
bootstrap_80pct_genes,iteration_14,100,0.7720775662309772,0.7095293530683519,CD36;CEBPA;LPL;PPARG;ACTA2;COL1A1;COL3A1;COL6A1;LOX;POSTN;THBS2;TNC;CCL2;CXCL12;CXCL14;ICAM1;IL6;MMP14;MMP2;TIMP1
bootstrap_80pct_genes,iteration_15,100,0.7991993327865236,0.724031265591219,CD36;CEBPA;FABP4;LPL;ACTA2;COL1A1;COL3A1;COL6A1;FN1;POSTN;THBS2;TNC;CCL2;CXCL12;CXCL14;ICAM1;MMP2;SPP1;TIMP1;VCAM1
bootstrap_80pct_genes,iteration_16,100,0.7309579377668779,0.6732080492266755,CEBPA;FABP4;LPL;PPARG;ACTA2;COL1A1;COL3A1;COL6A1;FN1;POSTN;THBS2;TNC;CCL2;CXCL12;ICAM1;MMP14;MMP2;SPP1;TIMP1;VCAM1
bootstrap_80pct_genes,iteration_17,100,0.809785387862806,0.7317478795942125,CD36;CEBPA;LPL;PPARG;ACTA2;COL1A1;COL3A1;COL6A1;FN1;LOX;POSTN;THBS2;CCL2;CXCL12;CXCL14;ICAM1;IL6;MMP2;SPP1;VCAM1
bootstrap_80pct_genes,iteration_18,100,0.7504701730457056,0.6967570264427074,CD36;FABP4;LPL;PPARG;ACTA2;COL1A1;COL3A1;COL6A1;FN1;LOX;POSTN;THBS2;CCL2;CXCL12;ICAM1;IL6;MMP14;MMP2;SPP1;VCAM1
bootstrap_80pct_genes,iteration_19,100,0.7608262278922318,0.6725428238815899,CD36;FABP4;LPL;PPARG;ACTA2;COL1A1;COL3A1;COL6A1;FN1;LOX;THBS2;TNC;CCL2;CXCL12;CXCL14;MMP14;MMP2;SPP1;TIMP1;VCAM1
bootstrap_80pct_genes,iteration_20,100,0.751995045148826,0.7018127390653583,CD36;FABP4;LPL;PPARG;ACTA2;COL1A1;COL3A1;COL6A1;FN1;LOX;POSTN;TNC;CCL2;CXCL14;ICAM1;MMP14;MMP2;SPP1;TIMP1;VCAM1
bootstrap_80pct_genes,iteration_21,100,0.7569246334641719,0.7059371362048894,CD36;FABP4;LPL;PPARG;ACTA2;COL1A1;COL3A1;COL6A1;FN1;LOX;POSTN;THBS2;CCL2;CXCL12;ICAM1;IL6;MMP2;SPP1;TIMP1;VCAM1
bootstrap_80pct_genes,iteration_22,100,0.733803705666886,0.6889073673706968,CD36;CEBPA;LPL;PPARG;ACTA2;COL1A1;COL3A1;COL6A1;LOX;POSTN;THBS2;TNC;CCL2;CXCL12;ICAM1;IL6;MMP14;SPP1;TIMP1;VCAM1
bootstrap_80pct_genes,iteration_23,100,0.7377295357235951,0.6903708631298853,CD36;FABP4;LPL;PPARG;ACTA2;COL1A1;COL3A1;COL6A1;LOX;POSTN;THBS2;TNC;CCL2;CXCL12;ICAM1;IL6;MMP14;MMP2;SPP1;VCAM1
bootstrap_80pct_genes,iteration_24,100,0.7027118066940712,0.683984699817063,CEBPA;FABP4;LPL;PPARG;ACTA2;COL1A1;COL3A1;FN1;LOX;POSTN;THBS2;TNC;CXCL14;ICAM1;IL6;MMP14;MMP2;SPP1;TIMP1;VCAM1
bootstrap_80pct_genes,iteration_25,100,0.7956105867528767,0.7406618992183602,CD36;CEBPA;FABP4;LPL;ACTA2;COL1A1;COL3A1;COL6A1;FN1;LOX;POSTN;TNC;CCL2;CXCL12;CXCL14;IL6;MMP14;MMP2;SPP1;TIMP1
bootstrap_80pct_genes,iteration_26,100,0.7836455493576214,0.7161816065192084,CD36;CEBPA;FABP4;LPL;ACTA2;COL1A1;COL3A1;COL6A1;LOX;POSTN;THBS2;TNC;CCL2;CXCL12;CXCL14;IL6;MMP14;SPP1;TIMP1;VCAM1
bootstrap_80pct_genes,iteration_27,100,0.7327997212729939,0.6798603026775321,CD36;CEBPA;FABP4;PPARG;ACTA2;COL1A1;COL3A1;COL6A1;FN1;LOX;THBS2;TNC;CCL2;CXCL12;ICAM1;MMP14;MMP2;SPP1;TIMP1;VCAM1
bootstrap_80pct_genes,iteration_28,100,0.7647536660258537,0.7207051388657908,CD36;FABP4;LPL;PPARG;ACTA2;COL1A1;COL3A1;COL6A1;LOX;POSTN;THBS2;TNC;CCL2;CXCL14;ICAM1;IL6;MMP2;SPP1;TIMP1;VCAM1
bootstrap_80pct_genes,iteration_29,100,0.7078716421673544,0.6928987194412107,CD36;CEBPA;FABP4;LPL;ACTA2;COL1A1;COL3A1;COL6A1;FN1;LOX;THBS2;TNC;CCL2;ICAM1;IL6;MMP14;MMP2;SPP1;TIMP1;VCAM1
bootstrap_80pct_genes,iteration_30,100,0.8080891952465543,0.7389323133211375,CD36;CEBPA;LPL;PPARG;ACTA2;COL1A1;COL3A1;COL6A1;FN1;LOX;POSTN;TNC;CCL2;CXCL12;CXCL14;ICAM1;IL6;MMP2;SPP1;TIMP1
bootstrap_80pct_genes,iteration_31,100,0.7459035523579739,0.6954265757525362,CEBPA;FABP4;LPL;PPARG;ACTA2;COL3A1;COL6A1;FN1;LOX;POSTN;THBS2;TNC;CCL2;CXCL14;ICAM1;IL6;MMP14;SPP1;TIMP1;VCAM1
bootstrap_80pct_genes,iteration_32,100,0.8006523377777439,0.7192416431066023,CD36;FABP4;LPL;PPARG;ACTA2;COL1A1;COL3A1;COL6A1;FN1;LOX;THBS2;TNC;CCL2;CXCL12;CXCL14;ICAM1;IL6;MMP14;SPP1;TIMP1
bootstrap_80pct_genes,iteration_33,100,0.7463921125511828,0.6873108265424913,CD36;FABP4;LPL;PPARG;ACTA2;COL1A1;COL3A1;COL6A1;LOX;POSTN;THBS2;TNC;CXCL12;CXCL14;ICAM1;IL6;MMP14;MMP2;SPP1;TIMP1
bootstrap_80pct_genes,iteration_34,100,0.7528286501760673,0.7007483785132214,CD36;FABP4;LPL;PPARG;ACTA2;COL1A1;COL3A1;COL6A1;FN1;LOX;THBS2;TNC;CCL2;CXCL12;ICAM1;IL6;MMP2;SPP1;TIMP1;VCAM1
bootstrap_80pct_genes,iteration_35,100,0.6844519999408569,0.6883751870946283,CD36;CEBPA;FABP4;LPL;ACTA2;COL1A1;COL3A1;FN1;LOX;POSTN;THBS2;TNC;CCL2;ICAM1;IL6;MMP14;MMP2;SPP1;TIMP1;VCAM1
bootstrap_80pct_genes,iteration_36,100,0.7542822320577217,0.7180442374854482,CD36;CEBPA;FABP4;LPL;ACTA2;COL1A1;COL3A1;COL6A1;LOX;POSTN;THBS2;TNC;CCL2;CXCL14;ICAM1;IL6;MMP14;MMP2;TIMP1;VCAM1
bootstrap_80pct_genes,iteration_37,100,0.7364812809917656,0.6914352236820223,CD36;CEBPA;LPL;PPARG;ACTA2;COL3A1;COL6A1;FN1;LOX;POSTN;THBS2;TNC;CCL2;CXCL14;ICAM1;IL6;MMP14;MMP2;SPP1;VCAM1
bootstrap_80pct_genes,iteration_38,100,0.8079487276327443,0.7328122401463496,CD36;CEBPA;FABP4;LPL;ACTA2;COL1A1;COL3A1;COL6A1;FN1;LOX;THBS2;TNC;CCL2;CXCL12;CXCL14;ICAM1;IL6;MMP14;SPP1;VCAM1
bootstrap_80pct_genes,iteration_39,100,0.7567625248117023,0.7152502910360885,CD36;CEBPA;FABP4;LPL;COL1A1;COL3A1;COL6A1;FN1;LOX;POSTN;THBS2;TNC;CCL2;CXCL12;ICAM1;IL6;MMP14;SPP1;TIMP1;VCAM1
bootstrap_80pct_genes,iteration_40,100,0.793954444255396,0.7277565275236987,CD36;CEBPA;FABP4;PPARG;ACTA2;COL1A1;COL3A1;COL6A1;FN1;LOX;THBS2;TNC;CCL2;CXCL12;CXCL14;IL6;MMP14;MMP2;SPP1;TIMP1
bootstrap_80pct_genes,iteration_41,100,0.770210099315982,0.7015466489273241,CD36;CEBPA;FABP4;PPARG;ACTA2;COL1A1;COL6A1;FN1;LOX;POSTN;THBS2;TNC;CCL2;CXCL12;CXCL14;IL6;MMP14;SPP1;TIMP1;VCAM1
bootstrap_80pct_genes,iteration_42,100,0.8179385552769004,0.7552968568102445,CD36;CEBPA;FABP4;PPARG;COL1A1;COL3A1;COL6A1;FN1;LOX;POSTN;THBS2;TNC;CCL2;CXCL12;CXCL14;ICAM1;IL6;SPP1;TIMP1;VCAM1
bootstrap_80pct_genes,iteration_43,100,0.7813752159707646,0.7173790121403626,CD36;CEBPA;LPL;PPARG;ACTA2;COL1A1;COL3A1;FN1;LOX;POSTN;THBS2;TNC;CCL2;CXCL12;CXCL14;ICAM1;IL6;MMP2;TIMP1;VCAM1
bootstrap_80pct_genes,iteration_44,100,0.7966542726317603,0.7109928488275403,CD36;CEBPA;FABP4;LPL;ACTA2;COL1A1;COL3A1;COL6A1;FN1;POSTN;THBS2;TNC;CCL2;CXCL12;CXCL14;ICAM1;MMP14;SPP1;TIMP1;VCAM1
bootstrap_80pct_genes,iteration_45,100,0.7372840369229755,0.6791950773324463,CD36;CEBPA;FABP4;PPARG;ACTA2;COL3A1;COL6A1;FN1;LOX;POSTN;THBS2;TNC;CXCL12;CXCL14;ICAM1;IL6;MMP14;MMP2;SPP1;TIMP1
bootstrap_80pct_genes,iteration_46,100,0.7368686873164886,0.6975552968568103,CD36;FABP4;LPL;PPARG;COL1A1;COL3A1;COL6A1;FN1;LOX;POSTN;THBS2;TNC;CCL2;CXCL12;ICAM1;IL6;MMP14;MMP2;SPP1;TIMP1
bootstrap_80pct_genes,iteration_47,100,0.7956166881806948,0.7269582571095958,CEBPA;FABP4;LPL;PPARG;ACTA2;COL1A1;COL3A1;COL6A1;FN1;POSTN;THBS2;TNC;CCL2;CXCL12;CXCL14;IL6;MMP14;MMP2;SPP1;TIMP1
bootstrap_80pct_genes,iteration_48,100,0.7538842400611113,0.6802594378845834,CD36;CEBPA;LPL;PPARG;COL1A1;COL3A1;COL6A1;FN1;LOX;POSTN;THBS2;TNC;CCL2;CXCL12;CXCL14;MMP14;MMP2;SPP1;TIMP1;VCAM1
bootstrap_80pct_genes,iteration_49,100,0.7496703405066587,0.7036753700315982,CD36;FABP4;LPL;PPARG;ACTA2;COL1A1;COL3A1;COL6A1;LOX;POSTN;THBS2;TNC;CCL2;CXCL14;ICAM1;IL6;MMP14;MMP2;TIMP1;VCAM1
bootstrap_80pct_genes,iteration_50,100,0.7632914276399798,0.675735905538001,CD36;FABP4;LPL;PPARG;ACTA2;COL1A1;COL3A1;COL6A1;FN1;LOX;POSTN;THBS2;CCL2;CXCL12;CXCL14;MMP14;MMP2;SPP1;TIMP1;VCAM1
bootstrap_80pct_genes,iteration_51,100,0.7878979520394419,0.7058040911358723,CD36;FABP4;LPL;PPARG;ACTA2;COL1A1;COL3A1;COL6A1;FN1;LOX;POSTN;TNC;CCL2;CXCL12;CXCL14;ICAM1;MMP14;MMP2;SPP1;VCAM1
bootstrap_80pct_genes,iteration_52,100,0.7447761314396779,0.6721436886745386,CD36;CEBPA;FABP4;LPL;ACTA2;COL1A1;COL3A1;COL6A1;FN1;POSTN;THBS2;TNC;CXCL12;CXCL14;ICAM1;MMP14;MMP2;SPP1;TIMP1;VCAM1
bootstrap_80pct_genes,iteration_53,100,0.8112553955318274,0.7479793780143024,CD36;CEBPA;FABP4;LPL;ACTA2;COL1A1;COL3A1;COL6A1;FN1;LOX;POSTN;TNC;CCL2;CXCL12;CXCL14;ICAM1;IL6;SPP1;TIMP1;VCAM1
bootstrap_80pct_genes,iteration_54,100,0.7475745762875811,0.7044736404457009,CD36;CEBPA;FABP4;PPARG;ACTA2;COL1A1;COL3A1;COL6A1;FN1;LOX;THBS2;TNC;CCL2;CXCL12;ICAM1;IL6;MMP14;MMP2;SPP1;TIMP1
bootstrap_80pct_genes,iteration_55,100,0.7384777963792604,0.6851821054382172,CD36;FABP4;LPL;PPARG;ACTA2;COL1A1;COL3A1;COL6A1;FN1;LOX;THBS2;TNC;CCL2;CXCL12;ICAM1;IL6;MMP14;MMP2;TIMP1;VCAM1
bootstrap_80pct_genes,iteration_56,100,0.7725303454329909,0.7325461500083154,CD36;CEBPA;FABP4;PPARG;ACTA2;COL1A1;COL3A1;COL6A1;FN1;LOX;POSTN;THBS2;CCL2;CXCL14;ICAM1;IL6;MMP14;MMP2;SPP1;TIMP1
bootstrap_80pct_genes,iteration_57,100,0.755739929313778,0.6928987194412107,CD36;CEBPA;LPL;PPARG;ACTA2;COL1A1;COL3A1;COL6A1;LOX;POSTN;THBS2;TNC;CXCL12;CXCL14;ICAM1;IL6;MMP2;SPP1;TIMP1;VCAM1
bootstrap_80pct_genes,iteration_58,100,0.6704487105595225,0.670547147846333,CEBPA;FABP4;LPL;PPARG;ACTA2;COL1A1;COL6A1;FN1;LOX;POSTN;THBS2;TNC;CCL2;ICAM1;IL6;MMP14;MMP2;SPP1;TIMP1;VCAM1
bootstrap_80pct_genes,iteration_59,100,0.7846708378151631,0.7172459670713455,CEBPA;FABP4;LPL;PPARG;ACTA2;COL1A1;COL3A1;COL6A1;FN1;LOX;THBS2;TNC;CCL2;CXCL12;CXCL14;IL6;MMP14;MMP2;SPP1;TIMP1
bootstrap_80pct_genes,iteration_60,100,0.7453490062494975,0.7018127390653583,CD36;FABP4;LPL;PPARG;ACTA2;COL1A1;COL3A1;COL6A1;FN1;LOX;POSTN;TNC;CCL2;CXCL12;ICAM1;IL6;MMP14;MMP2;SPP1;TIMP1
bootstrap_80pct_genes,iteration_61,100,0.7184864299098521,0.6638948943954764,CD36;CEBPA;LPL;PPARG;ACTA2;COL1A1;COL3A1;COL6A1;FN1;LOX;POSTN;THBS2;CCL2;CXCL12;ICAM1;MMP14;MMP2;SPP1;TIMP1;VCAM1
bootstrap_80pct_genes,iteration_62,100,0.8081958829213419,0.7234990853151505,CD36;CEBPA;LPL;PPARG;ACTA2;COL1A1;COL3A1;COL6A1;FN1;LOX;POSTN;TNC;CCL2;CXCL12;CXCL14;ICAM1;IL6;MMP14;SPP1;VCAM1
bootstrap_80pct_genes,iteration_63,100,0.7528966325807219,0.6754698153999668,CD36;CEBPA;FABP4;PPARG;ACTA2;COL3A1;COL6A1;FN1;LOX;POSTN;THBS2;TNC;CCL2;CXCL12;CXCL14;ICAM1;MMP14;MMP2;TIMP1;VCAM1
bootstrap_80pct_genes,iteration_64,100,0.7863862030031226,0.7113919840345917,CD36;CEBPA;LPL;PPARG;ACTA2;COL1A1;COL3A1;COL6A1;FN1;POSTN;THBS2;TNC;CCL2;CXCL12;CXCL14;IL6;MMP14;MMP2;TIMP1;VCAM1
bootstrap_80pct_genes,iteration_65,100,0.7629891015044018,0.6895725927157824,CD36;FABP4;LPL;PPARG;ACTA2;COL1A1;COL3A1;COL6A1;FN1;LOX;POSTN;THBS2;CXCL12;CXCL14;ICAM1;IL6;MMP14;MMP2;SPP1;VCAM1
bootstrap_80pct_genes,iteration_66,100,0.7439874444467052,0.7036753700315982,CD36;CEBPA;FABP4;LPL;ACTA2;COL1A1;COL3A1;COL6A1;FN1;LOX;POSTN;TNC;CCL2;CXCL12;IL6;MMP14;MMP2;SPP1;TIMP1;VCAM1
bootstrap_80pct_genes,iteration_67,100,0.7940398234604777,0.724962581074339,CD36;CEBPA;LPL;PPARG;COL1A1;COL3A1;COL6A1;FN1;LOX;POSTN;THBS2;TNC;CCL2;CXCL12;CXCL14;ICAM1;IL6;MMP14;TIMP1;VCAM1
bootstrap_80pct_genes,iteration_68,100,0.7679640968674347,0.7135207051388658,CD36;FABP4;LPL;PPARG;ACTA2;COL1A1;COL3A1;COL6A1;FN1;LOX;THBS2;TNC;CCL2;CXCL14;ICAM1;IL6;MMP14;MMP2;SPP1;VCAM1
bootstrap_80pct_genes,iteration_69,100,0.7291206288028717,0.6944952602694162,CEBPA;FABP4;LPL;PPARG;ACTA2;COL1A1;COL3A1;FN1;LOX;POSTN;THBS2;TNC;CCL2;CXCL12;ICAM1;IL6;MMP14;SPP1;TIMP1;VCAM1
bootstrap_80pct_genes,iteration_70,100,0.7174620692483796,0.6724097788125728,CD36;FABP4;LPL;PPARG;ACTA2;COL1A1;COL6A1;FN1;LOX;POSTN;THBS2;TNC;CCL2;CXCL12;ICAM1;IL6;MMP14;SPP1;TIMP1;VCAM1
bootstrap_80pct_genes,iteration_71,100,0.7097249127020376,0.6794611674704806,CEBPA;FABP4;LPL;PPARG;ACTA2;COL1A1;COL3A1;FN1;LOX;POSTN;THBS2;TNC;CCL2;CXCL12;IL6;MMP14;MMP2;SPP1;TIMP1;VCAM1
bootstrap_80pct_genes,iteration_72,100,0.784264472320445,0.6975552968568103,CEBPA;FABP4;LPL;PPARG;ACTA2;COL1A1;COL3A1;COL6A1;FN1;LOX;THBS2;TNC;CCL2;CXCL12;CXCL14;ICAM1;MMP14;SPP1;TIMP1;VCAM1
bootstrap_80pct_genes,iteration_73,100,0.7854365204542658,0.7063362714119408,CD36;CEBPA;FABP4;LPL;ACTA2;COL1A1;COL3A1;COL6A1;FN1;LOX;THBS2;TNC;CCL2;CXCL12;CXCL14;ICAM1;MMP14;MMP2;SPP1;VCAM1
bootstrap_80pct_genes,iteration_74,100,0.8010752359917218,0.7204390487277565,CD36;FABP4;LPL;PPARG;ACTA2;COL1A1;COL3A1;COL6A1;FN1;POSTN;THBS2;TNC;CCL2;CXCL12;CXCL14;IL6;MMP14;MMP2;SPP1;VCAM1
bootstrap_80pct_genes,iteration_75,100,0.773995384322673,0.708598037585232,CD36;CEBPA;LPL;PPARG;ACTA2;COL1A1;COL3A1;FN1;LOX;POSTN;THBS2;TNC;CCL2;CXCL12;CXCL14;ICAM1;IL6;MMP14;MMP2;VCAM1
bootstrap_80pct_genes,iteration_76,100,0.7236237182427055,0.6580409113587228,CD36;FABP4;LPL;PPARG;ACTA2;COL3A1;COL6A1;FN1;LOX;POSTN;THBS2;TNC;CXCL12;CXCL14;ICAM1;IL6;MMP14;MMP2;TIMP1;VCAM1
bootstrap_80pct_genes,iteration_77,100,0.7783041574670005,0.7071345418260436,CEBPA;FABP4;LPL;PPARG;ACTA2;COL1A1;COL3A1;COL6A1;LOX;POSTN;THBS2;TNC;CCL2;CXCL12;CXCL14;ICAM1;MMP2;SPP1;TIMP1;VCAM1
bootstrap_80pct_genes,iteration_78,100,0.7591812313801841,0.7079328122401464,CEBPA;FABP4;LPL;PPARG;ACTA2;COL1A1;COL3A1;COL6A1;FN1;LOX;POSTN;TNC;CCL2;CXCL12;ICAM1;IL6;MMP14;SPP1;TIMP1;VCAM1
bootstrap_80pct_genes,iteration_79,100,0.739659749206407,0.6673540661899219,CD36;FABP4;LPL;PPARG;ACTA2;COL1A1;COL3A1;COL6A1;FN1;LOX;THBS2;TNC;CXCL12;CXCL14;IL6;MMP14;MMP2;SPP1;TIMP1;VCAM1
bootstrap_80pct_genes,iteration_80,100,0.7974908191018745,0.724031265591219,CD36;FABP4;LPL;PPARG;ACTA2;COL1A1;COL3A1;COL6A1;LOX;POSTN;THBS2;TNC;CCL2;CXCL12;CXCL14;ICAM1;IL6;MMP2;SPP1;VCAM1
bootstrap_80pct_genes,iteration_81,100,0.7467594120625901,0.7076667221021121,CD36;CEBPA;FABP4;PPARG;ACTA2;COL1A1;COL3A1;COL6A1;FN1;POSTN;THBS2;TNC;CXCL14;ICAM1;IL6;MMP14;MMP2;SPP1;TIMP1;VCAM1
bootstrap_80pct_genes,iteration_82,100,0.6778274702227464,0.6515217029768834,CD36;CEBPA;FABP4;PPARG;ACTA2;COL1A1;COL6A1;FN1;LOX;POSTN;THBS2;TNC;CXCL12;ICAM1;IL6;MMP14;MMP2;SPP1;TIMP1;VCAM1
bootstrap_80pct_genes,iteration_83,100,0.7352605306227002,0.68598037585232,CD36;FABP4;LPL;PPARG;ACTA2;COL1A1;COL3A1;COL6A1;LOX;POSTN;THBS2;TNC;CCL2;CXCL14;ICAM1;MMP14;MMP2;SPP1;TIMP1;VCAM1
bootstrap_80pct_genes,iteration_84,100,0.7084246636804002,0.672675868950607,CD36;FABP4;LPL;PPARG;ACTA2;COL1A1;COL3A1;COL6A1;FN1;LOX;POSTN;TNC;CXCL12;ICAM1;IL6;MMP14;MMP2;SPP1;TIMP1;VCAM1
bootstrap_80pct_genes,iteration_85,100,0.7553712454195813,0.6637618493264593,CD36;FABP4;LPL;PPARG;ACTA2;COL3A1;COL6A1;FN1;LOX;POSTN;THBS2;TNC;CCL2;CXCL12;CXCL14;ICAM1;MMP14;SPP1;TIMP1;VCAM1
bootstrap_80pct_genes,iteration_86,100,0.7833307827721225,0.7200399135207052,CD36;CEBPA;FABP4;LPL;ACTA2;COL1A1;COL3A1;FN1;LOX;POSTN;THBS2;TNC;CCL2;CXCL12;CXCL14;ICAM1;IL6;MMP14;TIMP1;VCAM1
bootstrap_80pct_genes,iteration_87,100,0.7533524982819747,0.7079328122401464,CD36;FABP4;LPL;PPARG;ACTA2;COL1A1;COL3A1;COL6A1;FN1;LOX;THBS2;TNC;CCL2;CXCL14;IL6;MMP14;MMP2;SPP1;TIMP1;VCAM1
bootstrap_80pct_genes,iteration_88,100,0.7623555873066974,0.7039414601696324,CD36;CEBPA;FABP4;PPARG;ACTA2;COL1A1;COL6A1;FN1;LOX;POSTN;THBS2;TNC;CCL2;CXCL12;CXCL14;IL6;MMP14;MMP2;SPP1;TIMP1
bootstrap_80pct_genes,iteration_89,100,0.7867219579017396,0.727091302178613,CD36;CEBPA;FABP4;LPL;ACTA2;COL1A1;COL3A1;COL6A1;LOX;POSTN;THBS2;TNC;CCL2;CXCL12;CXCL14;ICAM1;IL6;MMP14;MMP2;VCAM1
bootstrap_80pct_genes,iteration_90,100,0.6811447662820644,0.6749376351238983,CD36;CEBPA;FABP4;LPL;ACTA2;COL3A1;COL6A1;FN1;LOX;POSTN;THBS2;TNC;CCL2;ICAM1;IL6;MMP14;MMP2;SPP1;TIMP1;VCAM1
bootstrap_80pct_genes,iteration_91,100,0.7714686404599264,0.6976883419258274,CD36;FABP4;LPL;PPARG;ACTA2;COL3A1;COL6A1;FN1;LOX;POSTN;THBS2;TNC;CCL2;CXCL12;CXCL14;IL6;MMP2;SPP1;TIMP1;VCAM1
bootstrap_80pct_genes,iteration_92,100,0.752696363507947,0.7113919840345917,CD36;CEBPA;FABP4;LPL;ACTA2;COL1A1;COL3A1;COL6A1;FN1;LOX;POSTN;TNC;CCL2;CXCL12;ICAM1;IL6;MMP14;MMP2;TIMP1;VCAM1
bootstrap_80pct_genes,iteration_93,100,0.7611871315611871,0.7253617162813903,CD36;CEBPA;FABP4;PPARG;ACTA2;COL1A1;COL3A1;COL6A1;LOX;POSTN;THBS2;TNC;CCL2;CXCL14;ICAM1;IL6;MMP14;MMP2;SPP1;TIMP1
bootstrap_80pct_genes,iteration_94,100,0.7789657752665857,0.7093963079993347,CD36;CEBPA;LPL;PPARG;ACTA2;COL1A1;COL3A1;COL6A1;FN1;LOX;THBS2;TNC;CCL2;CXCL12;CXCL14;IL6;MMP14;MMP2;SPP1;TIMP1
bootstrap_80pct_genes,iteration_95,100,0.7489101067327855,0.6817229336437718,CD36;FABP4;LPL;PPARG;ACTA2;COL1A1;COL6A1;FN1;LOX;POSTN;THBS2;TNC;CCL2;CXCL12;CXCL14;IL6;MMP14;MMP2;TIMP1;VCAM1
bootstrap_80pct_genes,iteration_96,100,0.7415014110853215,0.6798603026775321,CD36;CEBPA;LPL;PPARG;ACTA2;COL1A1;COL6A1;FN1;LOX;POSTN;THBS2;TNC;CCL2;CXCL12;CXCL14;IL6;MMP14;MMP2;TIMP1;VCAM1
bootstrap_80pct_genes,iteration_97,100,0.7953761157471637,0.7266921669715616,CD36;CEBPA;FABP4;LPL;ACTA2;COL1A1;COL3A1;COL6A1;FN1;POSTN;THBS2;TNC;CCL2;CXCL12;CXCL14;IL6;MMP14;MMP2;TIMP1;VCAM1
bootstrap_80pct_genes,iteration_98,100,0.7517165683763303,0.7020788292033926,CD36;FABP4;LPL;PPARG;COL1A1;COL3A1;COL6A1;FN1;LOX;POSTN;THBS2;TNC;CCL2;CXCL12;ICAM1;IL6;MMP14;SPP1;TIMP1;VCAM1
bootstrap_80pct_genes,iteration_99,100,0.7578363650336534,0.6862464659903542,CD36;FABP4;LPL;PPARG;ACTA2;COL3A1;COL6A1;FN1;LOX;POSTN;THBS2;TNC;CCL2;CXCL12;CXCL14;IL6;MMP14;MMP2;SPP1;TIMP1
bootstrap_80pct_genes,iteration_100,100,0.7800042457254514,0.7050058207217695,CD36;FABP4;LPL;PPARG;ACTA2;COL3A1;COL6A1;FN1;LOX;POSTN;THBS2;TNC;CCL2;CXCL12;CXCL14;ICAM1;IL6;MMP2;SPP1;TIMP1
