dataset_id,sample_id,partner_signature,spearman_rho,spearman_pvalue,n_spots,test_level
GSE225766,GSM7055901_WT1,adipogenic,0.38312594520271,2.1578665234479654e-53,1493,spot_level_within_sample
GSE225766,GSM7055901_WT1,fibrotic_ecm,0.7844630390426057,0.0,1493,spot_level_within_sample
GSE225766,GSM7055901_WT1,inflammatory_remodeling,0.46745118270741026,6.584448723234433e-82,1493,spot_level_within_sample
GSE225766,GSM7055901_WT1,fap_stromal,0.7225833458148211,2.4190642353176292e-241,1493,spot_level_within_sample
GSE225766,GSM7055901_WT1,macrophage,0.1723569990922246,2.0220925988711667e-11,1493,spot_level_within_sample
GSE225766,GSM7055901_WT1,atrophic_muscle,-0.2286962423153393,3.6159093085016398e-19,1493,spot_level_within_sample
GSE225766,GSM7055901_WT1,myofiber,0.05866488170755204,0.023400781304724262,1493,spot_level_within_sample
GSE225766,GSM7055902_WT2,adipogenic,0.4557426663129544,1.1631980718713981e-74,1438,spot_level_within_sample
GSE225766,GSM7055902_WT2,fibrotic_ecm,0.7738031021860258,4.676810933137616e-287,1438,spot_level_within_sample
GSE225766,GSM7055902_WT2,inflammatory_remodeling,0.4462057970915124,2.7663740226754486e-71,1438,spot_level_within_sample
GSE225766,GSM7055902_WT2,fap_stromal,0.7065138196987469,7.188600987216832e-218,1438,spot_level_within_sample
GSE225766,GSM7055902_WT2,macrophage,0.16872555992458158,1.2035182966379848e-10,1438,spot_level_within_sample
GSE225766,GSM7055902_WT2,atrophic_muscle,-0.24705166813289323,1.9426770086081654e-21,1438,spot_level_within_sample
GSE225766,GSM7055902_WT2,myofiber,0.06892149467821723,0.008938265063783582,1438,spot_level_within_sample
GSE225766,GSM7055903_MDX1,adipogenic,0.5521842248221217,5.894067321842852e-86,1064,spot_level_within_sample
GSE225766,GSM7055903_MDX1,fibrotic_ecm,0.9206334606141576,0.0,1064,spot_level_within_sample
GSE225766,GSM7055903_MDX1,inflammatory_remodeling,0.8402341961856796,1.4512186108432e-284,1064,spot_level_within_sample
GSE225766,GSM7055903_MDX1,fap_stromal,0.8275790206904644,1.433404130090561e-268,1064,spot_level_within_sample
GSE225766,GSM7055903_MDX1,macrophage,0.7567226600679483,2.9303286623329415e-198,1064,spot_level_within_sample
GSE225766,GSM7055903_MDX1,atrophic_muscle,-0.453599788561542,4.0459736151457086e-55,1064,spot_level_within_sample
GSE225766,GSM7055903_MDX1,myofiber,-0.3805819718030916,5.27711822730509e-38,1064,spot_level_within_sample
GSE225766,GSM7055904_MDX2,adipogenic,0.49331640855449205,5.822110037410163e-60,959,spot_level_within_sample
GSE225766,GSM7055904_MDX2,fibrotic_ecm,0.7506062361628437,2.046663105065324e-174,959,spot_level_within_sample
GSE225766,GSM7055904_MDX2,inflammatory_remodeling,0.732744317649953,3.673019914804755e-162,959,spot_level_within_sample
GSE225766,GSM7055904_MDX2,fap_stromal,0.4887242686035603,1.009266029292861e-58,959,spot_level_within_sample
GSE225766,GSM7055904_MDX2,macrophage,0.6344533629324215,3.759973521718929e-109,959,spot_level_within_sample
GSE225766,GSM7055904_MDX2,atrophic_muscle,-0.26422488249982046,8.790867925781072e-17,959,spot_level_within_sample
GSE225766,GSM7055904_MDX2,myofiber,-0.3703758454679436,1.5071604208021647e-32,959,spot_level_within_sample
GSE225766,GSM7055905_WT3,adipogenic,0.4855594005028112,2.178959346970934e-89,1497,spot_level_within_sample
GSE225766,GSM7055905_WT3,fibrotic_ecm,0.7731225500485845,6.491456895720338e-298,1497,spot_level_within_sample
GSE225766,GSM7055905_WT3,inflammatory_remodeling,0.5140247187935197,9.914023322650374e-102,1497,spot_level_within_sample
GSE225766,GSM7055905_WT3,fap_stromal,0.7012946020840866,5.250936591069926e-222,1497,spot_level_within_sample
GSE225766,GSM7055905_WT3,macrophage,0.16455764817083388,1.5006607387326246e-10,1497,spot_level_within_sample
GSE225766,GSM7055905_WT3,atrophic_muscle,-0.1996343414716169,6.3788369501610995e-15,1497,spot_level_within_sample
GSE225766,GSM7055905_WT3,myofiber,0.14005814474811845,5.288862625131898e-08,1497,spot_level_within_sample
GSE225766,GSM7055906_MDX3,adipogenic,0.28281383773114144,1.1755863349596628e-16,826,spot_level_within_sample
GSE225766,GSM7055906_MDX3,fibrotic_ecm,0.8732076162724002,1.9157780957686335e-259,826,spot_level_within_sample
GSE225766,GSM7055906_MDX3,inflammatory_remodeling,0.7779073163837373,1.9375033091164874e-168,826,spot_level_within_sample
GSE225766,GSM7055906_MDX3,fap_stromal,0.6614793318500818,4.525533516980484e-105,826,spot_level_within_sample
GSE225766,GSM7055906_MDX3,macrophage,0.6592984995452563,3.7246967945676925e-104,826,spot_level_within_sample
GSE225766,GSM7055906_MDX3,atrophic_muscle,-0.3208185653626598,3.1524864926570297e-21,826,spot_level_within_sample
GSE225766,GSM7055906_MDX3,myofiber,-0.4350122289736579,1.8523144319520532e-39,826,spot_level_within_sample
GSE225766,GSM7055907_MDX4,adipogenic,0.4372583806782892,3.98673002590721e-55,1155,spot_level_within_sample
GSE225766,GSM7055907_MDX4,fibrotic_ecm,0.8808202675689317,0.0,1155,spot_level_within_sample
GSE225766,GSM7055907_MDX4,inflammatory_remodeling,0.7543623312215183,5.4061534018367527e-213,1155,spot_level_within_sample
GSE225766,GSM7055907_MDX4,fap_stromal,0.7182287652917867,8.015414167531826e-184,1155,spot_level_within_sample
GSE225766,GSM7055907_MDX4,macrophage,0.6284572928885176,5.904727938149722e-128,1155,spot_level_within_sample
GSE225766,GSM7055907_MDX4,atrophic_muscle,-0.40606231426666445,4.433093320084793e-47,1155,spot_level_within_sample
GSE225766,GSM7055907_MDX4,myofiber,-0.3941422265344473,3.1841199807756874e-44,1155,spot_level_within_sample
GSE225766,GSM7055908_MDX5,adipogenic,0.3861366413117272,1.0624998750353191e-41,1136,spot_level_within_sample
GSE225766,GSM7055908_MDX5,fibrotic_ecm,0.8691505945229336,0.0,1136,spot_level_within_sample
GSE225766,GSM7055908_MDX5,inflammatory_remodeling,0.8255430973669946,5.059645416091139e-284,1136,spot_level_within_sample
GSE225766,GSM7055908_MDX5,fap_stromal,0.6307040714642251,4.922674292144608e-127,1136,spot_level_within_sample
GSE225766,GSM7055908_MDX5,macrophage,0.649954987792925,2.432539160244509e-137,1136,spot_level_within_sample
GSE225766,GSM7055908_MDX5,atrophic_muscle,-0.34357429666277745,8.02242215574902e-33,1136,spot_level_within_sample
GSE225766,GSM7055908_MDX5,myofiber,-0.3495910920522963,5.366081884975387e-34,1136,spot_level_within_sample
GSE225766,GSM7230943_Day1_PostInjury,adipogenic,0.22723010807968075,7.965449256713969e-31,2516,spot_level_within_sample
GSE225766,GSM7230943_Day1_PostInjury,fibrotic_ecm,0.7557761597266556,0.0,2516,spot_level_within_sample
GSE225766,GSM7230943_Day1_PostInjury,inflammatory_remodeling,0.847864884382761,0.0,2516,spot_level_within_sample
GSE225766,GSM7230943_Day1_PostInjury,fap_stromal,0.20756052469996525,6.929518271561326e-26,2516,spot_level_within_sample
GSE225766,GSM7230943_Day1_PostInjury,macrophage,0.6276241571097131,1.1246868794047159e-275,2516,spot_level_within_sample
GSE225766,GSM7230943_Day1_PostInjury,atrophic_muscle,-0.5635745066561695,6.675121044763712e-211,2516,spot_level_within_sample
GSE225766,GSM7230943_Day1_PostInjury,myofiber,-0.5586310247909188,1.771838696577905e-206,2516,spot_level_within_sample
GSE225766,GSM7230944_Day3_PostInjury,adipogenic,0.4376735977510708,1.2843710329820287e-87,1854,spot_level_within_sample
GSE225766,GSM7230944_Day3_PostInjury,fibrotic_ecm,0.8980228692931552,0.0,1854,spot_level_within_sample
GSE225766,GSM7230944_Day3_PostInjury,inflammatory_remodeling,0.8954434061992967,0.0,1854,spot_level_within_sample
GSE225766,GSM7230944_Day3_PostInjury,fap_stromal,0.7538020265657888,0.0,1854,spot_level_within_sample
GSE225766,GSM7230944_Day3_PostInjury,macrophage,0.8128635032347515,0.0,1854,spot_level_within_sample
GSE225766,GSM7230944_Day3_PostInjury,atrophic_muscle,-0.7019133042650553,3.242208102352879e-275,1854,spot_level_within_sample
GSE225766,GSM7230944_Day3_PostInjury,myofiber,-0.628154019346411,4.5277097635270834e-204,1854,spot_level_within_sample
GSE225766,GSM7230945_Day5_PostInjury,adipogenic,0.18449685479065187,6.063783787945441e-19,2285,spot_level_within_sample
GSE225766,GSM7230945_Day5_PostInjury,fibrotic_ecm,0.9445701826841895,0.0,2285,spot_level_within_sample
GSE225766,GSM7230945_Day5_PostInjury,inflammatory_remodeling,0.775056643701638,0.0,2285,spot_level_within_sample
GSE225766,GSM7230945_Day5_PostInjury,fap_stromal,0.7661344167430385,0.0,2285,spot_level_within_sample
GSE225766,GSM7230945_Day5_PostInjury,macrophage,0.6391879822874078,1.1264771396932899e-262,2285,spot_level_within_sample
GSE225766,GSM7230945_Day5_PostInjury,atrophic_muscle,-0.6537346214541098,1.0499529332628366e-278,2285,spot_level_within_sample
GSE225766,GSM7230945_Day5_PostInjury,myofiber,-0.5995912847478259,3.78898781064845e-223,2285,spot_level_within_sample
