dataset_id,repository,organism,species,tissue,muscle_type,disease_or_condition,age_group,sample_size,number_of_cells_if_single_cell,platform,data_type,raw_data_available,processed_matrix_available,clinical_metadata_available,key_phenotypes,publication_title,publication_year,DOI,download_url,inclusion_decision,reason_for_decision
CELLxGENE_E-MTAB-13874_human_ageing,"CELLxGENE Discover; ArrayExpress",human,Homo sapiens,skeletal muscle,"intercostal / skeletal muscle atlas subsets",healthy aging,"young adults and older adults",17 donors,"~200000 cells/nuclei across human and companion atlas resources","10x Genomics scRNA-seq/snRNA-seq; Illumina NovaSeq/HiSeq",scRNA-seq / snRNA-seq,yes,yes,yes,"age group; donor; cell type; stromal/fibroblast subsets; muscle aging","Human skeletal muscle aging atlas",2024,10.1038/s43587-024-00613-3,https://cellxgene.cziscience.com/collections/2d40e6a7-f2fd-49ba-9db9-6b97e4c6dad5,include,"Primary human aging atlas with processed h5ad objects and FAP/stromal subsets; best anchor for DA-FAP discovery."
GSE167186_snRNA,GEO,human,Homo sapiens,skeletal muscle,lower limb muscle,aging and sarcopenia,"young; old; sarcopenic",17 donors,"143051 nuclei reported in downstream publications","10x Genomics single-nucleus RNA-seq; Illumina sequencing",snRNA-seq,yes,yes,yes,"age; sarcopenia; bulk paired study; cell types including FAP-like fibroblasts","Single-nuclei profiling of aged skeletal muscle",2022,10.1038/s43587-022-00308-5,https://www.ncbi.nlm.nih.gov/geo/query/acc.cgi?acc=GSE167186,include,"Human aging/sarcopenia snRNA-seq with usable processed and raw data; directly supports FAP state analysis."
GSE167186_bulk,GEO,human,Homo sapiens,skeletal muscle,lower limb muscle,aging and sarcopenia,"young; old; sarcopenic",72 samples,NA,"bulk RNA-seq; Illumina sequencing",bulk RNA-seq,yes,yes,yes,"age; sarcopenia; same cohort as GSE167186 snRNA-seq","Single-nuclei profiling of aged skeletal muscle",2022,10.1038/s43587-022-00308-5,https://www.ncbi.nlm.nih.gov/geo/query/acc.cgi?acc=GSE167186,include,"Useful paired bulk validation and deconvolution test, but not independent from the GSE167186 single-nucleus study."
GSE143704,GEO,human,Homo sapiens,skeletal muscle,"multiple donor muscle sites",homeostatic donor muscle,"adult donors aged 41-81",10 donors,not specified in accession summary,"10x Genomics Chromium",scRNA-seq,yes,yes,yes,"cell type reference; donor age; anatomical site; FAP markers","A reference single-cell transcriptomic atlas of human skeletal muscle tissue reveals bifurcated muscle stem cell populations",2020,10.1186/s13395-020-00236-3,https://www.ncbi.nlm.nih.gov/geo/query/acc.cgi?acc=GSE143704,include,"Human skeletal muscle reference atlas; useful for annotation and baseline FAP/stromal comparison, but not a primary degeneration cohort."
GSE130646,GEO,human,Homo sapiens,skeletal muscle,vastus lateralis,healthy reference,"adult donor; exact age metadata to verify",4 samples,not specified in accession summary,"single-cell RNA-seq; Illumina HiSeq 2500",scRNA-seq,yes,yes,partial,"11 mononuclear cell types; two FAP subtypes; deconvolution signatures","Single-cell transcriptional profiles in human skeletal muscle",2020,10.1038/s41598-020-57710-5,https://www.ncbi.nlm.nih.gov/geo/query/acc.cgi?acc=GSE130646,include,"Small but valuable human FAP reference and bulk deconvolution signature source."
SCP2678,Single Cell Portal,human,Homo sapiens,skeletal muscle,"quadriceps; gracilis; biceps brachii cultured FAPs",Duchenne muscular dystrophy vs control,pediatric,5 donors,"~10000 cultured FAPs","10x Genomics Next GEM 3 prime v3.1",scRNA-seq,unknown,yes,yes,"DMD; control; cultured PDGFRA+ CD56- FAPs; inflammatory and myofibroblast-like states","Single cell RNA sequencing of human FAPs reveals different functional stages in Duchenne muscular dystrophy",2024,10.3389/fcell.2024.1399319,https://singlecell.broadinstitute.org/single_cell/study/SCP2678/single-cell-rna-sequencing-of-human-faps,maybe,"Highly relevant human FAP disease dataset, but cells were cultured/expanded; use as supportive validation rather than primary tissue atlas."
PRJNA722100,SRA BioProject,human,Homo sapiens,paraspinal muscle,"paravertebral muscle",adolescent idiopathic scoliosis muscle imbalance/fibrosis,"adolescent patients",2 patients,not specified in source article,"10x Genomics scRNA-seq",scRNA-seq,yes,unclear,partial,"concave vs convex paraspinal muscle; FAPs; ESR1/myostatin/SMAD3 signaling",The asymmetrical ESR1 signaling in muscle progenitor cells determines the progression of adolescent idiopathic scoliosis,2023,10.1038/s41421-023-00531-5,https://www.ncbi.nlm.nih.gov/bioproject/PRJNA722100,maybe,"Strategically relevant paraspinal FAP/fibrosis dataset; not aging degeneration and processed matrices must be verified."
GSE254300,GEO,human,Homo sapiens,paraspinal muscle,bilateral paraspinal muscle,idiopathic scoliosis vs congenital scoliosis paraspinal imbalance/fibrosis,adolescent patients,20 samples,NA,"bulk RNA-seq; Illumina NovaSeq 6000",bulk RNA-seq,yes,yes,yes,"concavity/convexity; scoliosis type; ECM fibrosis","Comparative Analysis of Paraspinal Muscle Imbalance Between Idiopathic Scoliosis and Congenital Scoliosis from the Transcriptome Aspect",2024,10.1186/s13018-024-04657-0,https://www.ncbi.nlm.nih.gov/geo/query/acc.cgi?acc=GSE254300,maybe,"Paraspinal bulk RNA-seq with fibrosis signal; useful extension toward MRI-defined paraspinal degeneration but not an aging/sarcopenia cohort."
GSE164471,GEO,human,Homo sapiens,skeletal muscle,vastus lateralis,healthy aging,"22-83 years",53 samples,NA,"bulk RNA-seq; Illumina HiSeq 2500",bulk RNA-seq,yes,yes,yes,"age as continuous variable; very healthy GESTALT participants; TPM/count outputs","Skeletal muscle transcriptome in healthy aging",2021,10.1038/s41467-021-22168-2,https://www.ncbi.nlm.nih.gov/geo/query/acc.cgi?acc=GSE164471,include,"Strong independent human bulk RNA-seq aging validation cohort."
GSE111017,GEO,human,Homo sapiens,skeletal muscle,muscle biopsy,elderly sarcopenia,"older adults",119 samples,NA,"bulk RNA-seq; Illumina HiSeq 2500",bulk RNA-seq,yes,partial,yes,"Hertfordshire/Jamaica/Singapore sarcopenia studies; sarcopenia-related phenotypes","Study of sarcopenia in human muscle biopsies of elderly individuals",2019,10.1002/jcsm.12469,https://www.ncbi.nlm.nih.gov/geo/query/acc.cgi?acc=GSE111017,include,"Large human sarcopenia bulk RNA-seq validation resource; phenotype harmonization needed across subseries."
GSE25941,GEO,human,Homo sapiens,skeletal muscle,vastus lateralis,healthy aging,"young vs old adults",36 samples,NA,"Affymetrix Human Genome U133 Plus 2.0 Array",bulk RNA-seq,yes,yes,yes,"young n=15; old n=21; sex; age","Effects of age on the skeletal muscle transcriptome",2012,10.1111/j.1532-5415.2011.03943.x,https://www.ncbi.nlm.nih.gov/geo/query/acc.cgi?acc=GSE25941,include,"Independent human aging validation; microarray but well-described sample groups."
GSE38718,GEO,human,Homo sapiens,skeletal muscle,biceps brachii,sex and aging effects,"young vs older adults",22 samples,NA,"Affymetrix Human Genome U133 Plus 2.0 Array",bulk RNA-seq,yes,yes,yes,"age; sex; young/older groups","Sex and aging effect on skeletal muscle transcriptome in humans",2013,10.1152/japplphysiol.01142.2012,https://www.ncbi.nlm.nih.gov/geo/query/acc.cgi?acc=GSE38718,include,"Independent human aging validation cohort; microarray, smaller sample size."
GSE225766,GEO,mouse,Mus musculus,skeletal muscle,gastrocnemius/plantaris,dystrophic muscle and injury/regeneration,"wildtype; D2-mdx; post-injury",11 samples,NA,"10x Genomics Visium; Illumina NextSeq 500",spatial transcriptomics,yes,yes,yes,"WT vs D2-mdx; injury days; degenerative lesions; ECM and stromal regions","A cellular and molecular spatial atlas of dystrophic muscle",2023,10.1038/s41467-023-39858-6,https://www.ncbi.nlm.nih.gov/geo/query/acc.cgi?acc=GSE225766,include,"Best currently identified spatial transcriptomics support for fibro-adipogenic degenerative niches; mouse model, so use for mechanistic support."
GSE215305,GEO,mouse,Mus musculus,skeletal muscle,gastrocnemius,D2-mdx dystrophic muscle regeneration/senescence,8-week-old mouse,1 sample,NA,"10x Genomics Visium; Illumina NovaSeq 6000",spatial transcriptomics,yes,yes,limited,"D2-mdx; regeneration; senescence-like SASP; FAP/macrophage signals","Muscle injury induces a transient senescence-like state that is required for myofiber growth during muscle regeneration",2022,10.7554/eLife.85417,https://www.ncbi.nlm.nih.gov/geo/query/acc.cgi?acc=GSE215305,maybe,"Relevant processed Visium data but single sample; use only as secondary spatial support."
GSE210773,GEO,rabbit,Oryctolagus cuniculus,skeletal muscle,rotator cuff muscle,rotator cuff tear fatty/fibrotic degeneration,adult rabbit model,not specified in accession summary,NA,"10x Genomics Visium",spatial transcriptomics,yes,yes,partial,"rotator cuff tear; regional muscle pathology; fatty/fibrotic replacement","Spatial transcriptomics tools allow for regional exploration of heterogeneous muscle pathology in the pre-clinical rabbit model of rotator cuff tear",2022,10.1186/s13018-022-03326-8,https://www.ncbi.nlm.nih.gov/geo/query/acc.cgi?acc=GSE210773,maybe,"Highly relevant fatty/fibrotic muscle pathology spatial dataset, but rabbit ortholog mapping and metadata complexity make it secondary."
GSE138826,GEO,mouse,Mus musculus,skeletal muscle,tibialis anterior,cardiotoxin injury regeneration,"0.5 to 21 days post-injury plus uninjured",7 samples,"~35000 cells reported in publication context","10x Genomics Chromium; Illumina NovaSeq 6000",scRNA-seq,yes,yes,yes,"regeneration time course; FAP states; mononuclear muscle cells","Single-cell transcriptomic analysis of muscle regeneration reveals novel roles for Oncostatin M in myogenesis",2020,10.1016/j.celrep.2020.03.035,https://www.ncbi.nlm.nih.gov/geo/query/acc.cgi?acc=GSE138826,include,"Strong mouse regeneration reference with FAP dynamics; useful for trajectory and communication support."
GSE110878,GEO,mouse,Mus musculus,skeletal muscle,hindlimb skeletal muscle,homeostatic muscle cartography,adult wildtype,13 samples,not specified in accession summary,"10x Genomics Chromium; Illumina NextSeq 500",scRNA-seq,yes,yes,partial,"mononuclear cells; MuSCs; mesenchymal-like cells; FAP reference","Combination of high-dimensional approaches for skeletal muscle tissue cartography",2019,10.7554/eLife.49716,https://www.ncbi.nlm.nih.gov/geo/query/acc.cgi?acc=GSE110878,maybe,"Mouse homeostatic reference; useful for baseline FAP/stromal annotation but not degeneration-focused."
GSE149590,GEO,mouse,Mus musculus,multiple tissues including skeletal muscle,limb skeletal muscle in Tabula Muris Senis,aging across lifespan,multiple ages,2 GEO sample containers,not specified for muscle subset,"Tabula Muris Senis droplet and FACS",scRNA-seq,yes,yes,partial,"multi-tissue aging; skeletal muscle subset available in processed resources","Tabula Muris Senis",2020,10.1038/s41586-020-2496-1,https://www.ncbi.nlm.nih.gov/geo/query/acc.cgi?acc=GSE149590,maybe,"Large mouse aging reference but extraction of skeletal muscle subset and FAP depth need verification."
GSE226173,GEO,mouse,Mus musculus,skeletal muscle,hindlimb muscle macrophage-enriched samples,healthy vs dystrophic mdx muscle,"young adult mouse models",6 samples,not specified in accession summary,"10x Genomics scRNA-seq; Illumina HiSeq/NovaSeq",scRNA-seq,yes,yes,yes,"WT vs mdx; muscle macrophage states; mdx mononuclear cell sample; SPP1/FAP communication context","Single-cell transcriptomic profiling of healthy and dystrophic muscle macrophage",2023,10.1126/sciadv.add9984,https://www.ncbi.nlm.nih.gov/geo/query/acc.cgi?acc=GSE226173,maybe,"Useful for macrophage-FAP communication in fibrotic muscle; macrophage-enriched and mouse-specific, so supportive rather than primary."
GSE196554,GEO,human,Homo sapiens,skeletal muscle,"vastus lateralis; pectoralis major; rectus abdominis; gastrocnemius",healthy muscle stem cell aging,"20-87 years",12 donors,not specified in accession summary,"10x Genomics single-cell RNA-seq; Illumina NovaSeq 6000",scRNA-seq,yes,yes,yes,"purified human satellite cells; age groups; transcriptional heterogeneity loss","Loss of transcriptional heterogeneity in aged human muscle stem cells",2023,10.1371/journal.pone.0285018,https://www.ncbi.nlm.nih.gov/geo/query/acc.cgi?acc=GSE196554,maybe,"Human aging scRNA-seq but purified MuSCs rather than FAP/stromal cells; useful for regeneration-failure context, not DA-FAP discovery."
GSE180225,GEO,mouse,Mus musculus,skeletal muscle,tibialis anterior,aging and injury regeneration,"adult/young vs aged; uninjured and 4/7 dpi",13 samples,NA,"single-nucleus RNA-seq; Illumina NextSeq/NovaSeq",snRNA-seq,yes,yes,yes,"pseudotime; aged regeneration failure; myogenic nuclei","Aging disrupts gene expression timing during muscle regeneration",2023,10.1016/j.stemcr.2023.05.005,https://www.ncbi.nlm.nih.gov/geo/query/acc.cgi?acc=GSE180225,maybe,"Useful trajectory/regeneration-failure reference, but myogenic-nuclei centered and not FAP-rich."
GSE279741,GEO,mouse,Mus musculus,skeletal muscle,injured skeletal muscle immune compartment,aging and regeneration,"young 3 months vs old 25 months; 0/1/3/5 dpi",8 samples,not specified in accession summary,"FACS CD45+; 10x Chromium; Illumina NovaSeq 6000",scRNA-seq,yes,yes,yes,"aged immune remodeling; myeloid/lymphoid dynamics during regeneration","The immune landscape of murine skeletal muscle regeneration and aging",2024,10.1016/j.celrep.2024.114975,https://www.ncbi.nlm.nih.gov/geo/query/acc.cgi?acc=GSE279741,maybe,"Strong aging immune reference for macrophage-DA-FAP communication, but CD45+ sorted and lacks FAPs."
GSE291156,GEO,mouse,Mus musculus,skeletal muscle,mechanically overloaded geriatric muscle,geriatric muscle loading with satellite-cell depletion,"28-month-old geriatric mice",not specified in search summary,not specified in search summary,"single-cell RNA-seq",scRNA-seq,yes,unclear,partial,"geriatric muscle; fibrogenic cell-macrophage communication; Cd74/Mif axis; ECM remodeling","Satellite cells choreograph an immune cell-fibrogenic cell circuit during mechanical loading in geriatric skeletal muscle",2025,10.1093/pnasnexus/pgaf236,https://www.ncbi.nlm.nih.gov/geo/query/acc.cgi?acc=GSE291156,maybe,"Very relevant current geriatric fibrogenic-cell communication dataset; metadata and processed matrix availability need verification before inclusion."
GSE282285,GEO,mouse,Mus musculus,skeletal muscle,"FACS-isolated MuSCs and FAPs",aged/PRC2-deficient muscle fibrosis and FAP expansion,"adult control and iEzh2KO; aged context in publication",31 samples,NA,"bulk RNA-seq; Illumina NovaSeq 6000",bulk RNA-seq,yes,yes,yes,"FAP expansion; fibrosis; IL-6; Spp1; MuSC-FAP signaling; injury days 3/7","Aged muscle stem cells epigenetically drive the expansion of mesenchymal progenitors",2025,10.1038/s43587-025-01002-0,https://www.ncbi.nlm.nih.gov/geo/query/acc.cgi?acc=GSE282285,include,"Directly relevant sorted FAP/MuSC bulk RNA-seq support for aging-associated FAP expansion and IL6/SPP1 signaling; mouse mechanistic support."
GSE317327,GEO,human,Homo sapiens,tendon,tendon,healthy lifespan tendon atlas,lifespan,not specified in search summary,not specified in search summary,"spatial and single-cell transcriptomics",spatial transcriptomics,yes,unclear,partial,"tendon lifespan; spatial/single-cell atlas","Cellular and molecular landscapes of human tendons across the lifespan revealed by spatial and single-cell transcriptomics",2026,NA,https://www.ncbi.nlm.nih.gov/geo/query/acc.cgi?acc=GSE317327,exclude,"False positive for skeletal muscle query; tendon tissue is outside the core skeletal muscle/FAP degeneration scope."
GSE324542,GEO,mouse,Mus musculus,kidney,kidney,unilateral ureteral obstruction fibrosis,adult mouse,not specified in search summary,not specified in search summary,"single-cell RNA-seq",scRNA-seq,yes,unclear,partial,"kidney fibrosis; oxidative stress; CD5L","A kidney-protective mechanism via cellular oxidative stress reduction induced by CD5L protein [UUO_scRNAseq]",2026,NA,https://www.ncbi.nlm.nih.gov/geo/query/acc.cgi?acc=GSE324542,exclude,"False positive from generic fibrosis search; non-muscle tissue and not useful for skeletal muscle DA-FAP analysis."
GSE244889_GSE233666_scIVD,GEO,human,Homo sapiens,intervertebral disc,disc tissue,intervertebral disc degeneration,"mild vs severe disc degeneration",11 samples,not specified in source summary,"single-cell RNA-seq",scRNA-seq,yes,yes,yes,"Pfirrmann grade; nucleus pulposus; immune/stromal-like cells","Human intervertebral disc degeneration single-cell datasets",2024,NA,https://www.ncbi.nlm.nih.gov/geo/query/acc.cgi?acc=GSE244889,exclude,"Relevant to spinal degeneration but tissue is intervertebral disc rather than paraspinal muscle; do not mix disc cells with skeletal muscle FAPs."
