search_term,uid,accession,title,gds_type,taxon,url
skeletal muscle single-cell RNA sequencing aging,200291091,GSE291091,MSC-dependent intercellular communication: an interactome for skeletal muscle homeostasis and regeneration,Expression profiling by high throughput sequencing,Mus musculus,https://www.ncbi.nlm.nih.gov/geo/query/acc.cgi?acc=GSE291091
skeletal muscle single-cell RNA sequencing aging,200295428,GSE295428,Spaceflight induces systemic effects on extracellular matrix and immune system in different age-stages,Expression profiling by high throughput sequencing,Mus musculus,https://www.ncbi.nlm.nih.gov/geo/query/acc.cgi?acc=GSE295428
skeletal muscle single-cell RNA sequencing aging,200309190,GSE309190,CD94/NKG2A-Qa-1b Axis as a Key Modulator of Vaccine Responsiveness in Aging Populations,Expression profiling by high throughput sequencing,Mus musculus,https://www.ncbi.nlm.nih.gov/geo/query/acc.cgi?acc=GSE309190
skeletal muscle single-cell RNA sequencing aging,200291156,GSE291156,Satellite Cells Choreograph an Immune Cell-Fibrogenic Cell Circuit During Mechanical Loading in Geriatric Skeletal Muscle,Expression profiling by high throughput sequencing,Mus musculus,https://www.ncbi.nlm.nih.gov/geo/query/acc.cgi?acc=GSE291156
skeletal muscle single-cell RNA sequencing aging,200241675,GSE241675,Single-cell transcriptomic analysis reveals alterations to cellular dynamics and paracrine signalling in radiation-induced muscle pathology,Expression profiling by high throughput sequencing,Mus musculus,https://www.ncbi.nlm.nih.gov/geo/query/acc.cgi?acc=GSE241675
skeletal muscle single-cell RNA sequencing aging,200254476,GSE254476,"Non-senescent, conventional marker-negative geriatric muscle stem cells identified by new CD63/CD200 markers [scRNA-seq]",Expression profiling by high throughput sequencing,Mus musculus,https://www.ncbi.nlm.nih.gov/geo/query/acc.cgi?acc=GSE254476
skeletal muscle single-cell RNA sequencing aging,200279741,GSE279741,The immune landscape of murine skeletal muscle regeneration and aging,Expression profiling by high throughput sequencing,Mus musculus,https://www.ncbi.nlm.nih.gov/geo/query/acc.cgi?acc=GSE279741
skeletal muscle single-cell RNA sequencing aging,200263816,GSE263816,Cell type-specific weighting-factors to solve solid organs-specific limitations of single cell RNA-sequencing,Expression profiling by high throughput sequencing,Mus musculus,https://www.ncbi.nlm.nih.gov/geo/query/acc.cgi?acc=GSE263816
skeletal muscle single-cell RNA sequencing aging,200263619,GSE263619,Hydrogel biomaterials that stiffen and soften on demand reveal that skeletal muscle stem cells harbor a mechanical memory,Expression profiling by high throughput sequencing,Mus musculus,https://www.ncbi.nlm.nih.gov/geo/query/acc.cgi?acc=GSE263619
skeletal muscle single-cell RNA sequencing aging,200196554,GSE196554,Single cell RNA sequencing of human muscle stem cells in aging,Expression profiling by high throughput sequencing,Homo sapiens,https://www.ncbi.nlm.nih.gov/geo/query/acc.cgi?acc=GSE196554
skeletal muscle single-nucleus RNA sequencing aging,200317327,GSE317327,Cellular and molecular landscapes of human tendons across the lifespan revealed by spatial and single-cell transcriptomics,Expression profiling by high throughput sequencing,Homo sapiens,https://www.ncbi.nlm.nih.gov/geo/query/acc.cgi?acc=GSE317327
skeletal muscle single-nucleus RNA sequencing aging,200298187,GSE298187,A Mechanistic basis of fast myofiber vulnerability in neuromuscular diseases [snRNA-seq],Expression profiling by high throughput sequencing,Mus musculus,https://www.ncbi.nlm.nih.gov/geo/query/acc.cgi?acc=GSE298187
skeletal muscle single-nucleus RNA sequencing aging,200298184,GSE298184,A Mechanistic basis of fast myofiber vulnerability in neuromuscular diseases [Multiome],Genome binding/occupancy profiling by high throughput sequencing; Expression profiling by high throughput sequencing,Mus musculus,https://www.ncbi.nlm.nih.gov/geo/query/acc.cgi?acc=GSE298184
skeletal muscle single-nucleus RNA sequencing aging,200296807,GSE296807,Age-associated dysregulation of post-synaptic mitochondria perturbs re-innervation kinetics,Expression profiling by high throughput sequencing,Mus musculus,https://www.ncbi.nlm.nih.gov/geo/query/acc.cgi?acc=GSE296807
skeletal muscle single-nucleus RNA sequencing aging,200254739,GSE254739,Ginkgolide B increase healthspan and lifespan of female mice,Expression profiling by high throughput sequencing,Mus musculus,https://www.ncbi.nlm.nih.gov/geo/query/acc.cgi?acc=GSE254739
skeletal muscle single-nucleus RNA sequencing aging,200218027,GSE218027,Ginkgolide B administration improves health span and lifespan in aged mice,Expression profiling by high throughput sequencing,Mus musculus,https://www.ncbi.nlm.nih.gov/geo/query/acc.cgi?acc=GSE218027
skeletal muscle single-nucleus RNA sequencing aging,200180225,GSE180225,Aging disrupts gene expression timing during muscle regeneration,Expression profiling by high throughput sequencing,Mus musculus,https://www.ncbi.nlm.nih.gov/geo/query/acc.cgi?acc=GSE180225
skeletal muscle single-nucleus RNA sequencing aging,200147127,GSE147127,Single-nucleus RNA-seq identifies transcriptional heterogeneity in multinucleated skeletal myofibers,Expression profiling by high throughput sequencing,Mus musculus,https://www.ncbi.nlm.nih.gov/geo/query/acc.cgi?acc=GSE147127
skeletal muscle single-nucleus RNA sequencing aging,200137869,GSE137869,Caloric restriction reprograms the single-cell transcriptional landscape of Rattus norvegicus aging,Expression profiling by high throughput sequencing,Homo sapiens; Rattus norvegicus,https://www.ncbi.nlm.nih.gov/geo/query/acc.cgi?acc=GSE137869
muscle fibrosis single-cell RNA-seq,200324542,GSE324542,A kidney-protective mechanism via cellular oxidative stress reduction induced by CD5L protein [UUO_scRNAseq],Expression profiling by high throughput sequencing,Mus musculus,https://www.ncbi.nlm.nih.gov/geo/query/acc.cgi?acc=GSE324542
muscle fibrosis single-cell RNA-seq,200300031,GSE300031,Phase separation of endothelial PML drives inflammatory macrophage infiltration during liver fibrosis [scRNA-Seq 2],Expression profiling by high throughput sequencing,Mus musculus,https://www.ncbi.nlm.nih.gov/geo/query/acc.cgi?acc=GSE300031
muscle fibrosis single-cell RNA-seq,200300029,GSE300029,Phase separation of endothelial PML drives inflammatory macrophage infiltration during liver fibrosis [scRNA-Seq 1],Expression profiling by high throughput sequencing,Mus musculus,https://www.ncbi.nlm.nih.gov/geo/query/acc.cgi?acc=GSE300029
muscle fibrosis single-cell RNA-seq,200268613,GSE268613,Iron Overload Reprograms Glul+ Hepatocyte Fate to Induce Steatosis and Fibrosis via WNT-signaling pathway in Mice,Expression profiling by high throughput sequencing; Genome binding/occupancy profiling by high throughput sequencing,Mus musculus,https://www.ncbi.nlm.nih.gov/geo/query/acc.cgi?acc=GSE268613
muscle fibrosis single-cell RNA-seq,200230616,GSE230616,Loss of cisPTase function in the liver promotes a highly penetrant form of fatty liver disease that rapidly transitions to hepatocellular carcinoma [scRNA-seq],Expression profiling by high throughput sequencing,Mus musculus,https://www.ncbi.nlm.nih.gov/geo/query/acc.cgi?acc=GSE230616
muscle fibrosis single-cell RNA-seq,200263042,GSE263042,scRNA-seq assessment of the impact of anti-IL6R and anti-OSM in a model of fibrotic lung disease during resolution (day 24) [NGS4659],Expression profiling by high throughput sequencing,Mus musculus,https://www.ncbi.nlm.nih.gov/geo/query/acc.cgi?acc=GSE263042
muscle fibrosis single-cell RNA-seq,200263041,GSE263041,scRNA-seq assessment of the impact of anti-IL6R and anti-OSM in a model of fibrotic lung disease during fibrosis (day 14) [NGS4272],Expression profiling by high throughput sequencing,Mus musculus,https://www.ncbi.nlm.nih.gov/geo/query/acc.cgi?acc=GSE263041
muscle fibrosis single-cell RNA-seq,200312591,GSE312591,RUNX1 is Expressed in a Subpopulation of Dermal Fibroblasts and is Associated with Disease Severity of Systemic Sclerosis [scRNA-seq],Expression profiling by high throughput sequencing,Homo sapiens,https://www.ncbi.nlm.nih.gov/geo/query/acc.cgi?acc=GSE312591
muscle fibrosis single-cell RNA-seq,200311858,GSE311858,RUNX1 is Expressed in a Subpopulation of Dermal Fibroblasts and is Associated with Disease Severity of Systemic Sclerosis,Methylation profiling by genome tiling array,Homo sapiens,https://www.ncbi.nlm.nih.gov/geo/query/acc.cgi?acc=GSE311858
muscle fibrosis single-cell RNA-seq,200267381,GSE267381,Blocking Nuclear Receptor Nr4a3 Unlocks the Senescence Barrier to Promote Direct Cardiac Reprogramming [aged scRNA-seq],Expression profiling by high throughput sequencing,Mus musculus,https://www.ncbi.nlm.nih.gov/geo/query/acc.cgi?acc=GSE267381
muscle regeneration single-cell RNA-seq,200306684,GSE306684,E Protein-Driven iNKT Subset Modulation Shapes Early Immune Responses during Influenza A Virus Infection.,Expression profiling by high throughput sequencing,Mus musculus,https://www.ncbi.nlm.nih.gov/geo/query/acc.cgi?acc=GSE306684
muscle regeneration single-cell RNA-seq,200297068,GSE297068,A spatial code governs olfactory receptor choice and aligns sensory maps in the nose and brain,Expression profiling by high throughput sequencing; Other,synthetic construct; Mus musculus,https://www.ncbi.nlm.nih.gov/geo/query/acc.cgi?acc=GSE297068
muscle regeneration single-cell RNA-seq,200294435,GSE294435,Transcription Elongation Factor SPT6 Maintains Epidermal Homeostasis and Suppresses Skin Inflammation in Mice,Expression profiling by high throughput sequencing,Mus musculus,https://www.ncbi.nlm.nih.gov/geo/query/acc.cgi?acc=GSE294435
muscle regeneration single-cell RNA-seq,200317004,GSE317004,CITE-seq of cardiac CD45+ leukocytes in mice with myocardial infarction and NK cell depletion,Expression profiling by high throughput sequencing; Other,Mus musculus,https://www.ncbi.nlm.nih.gov/geo/query/acc.cgi?acc=GSE317004
muscle regeneration single-cell RNA-seq,200307639,GSE307639,Aryl hydrocarbon receptor restricts axon regeneration of DRG neurons in response to injury [DRG_AN00024583],Expression profiling by high throughput sequencing,Mus musculus,https://www.ncbi.nlm.nih.gov/geo/query/acc.cgi?acc=GSE307639
muscle regeneration single-cell RNA-seq,200317739,GSE317739,Human epicardial organoids from pluripotent stem cells resemble fetal stage with potential cardiomyocyte-transdifferentiation,Expression profiling by high throughput sequencing,Homo sapiens,https://www.ncbi.nlm.nih.gov/geo/query/acc.cgi?acc=GSE317739
muscle regeneration single-cell RNA-seq,200243308,GSE243308,Aryl hydrocarbon receptor restricts axon regeneration of DRG neurons in response to injury,Expression profiling by high throughput sequencing,Mus musculus,https://www.ncbi.nlm.nih.gov/geo/query/acc.cgi?acc=GSE243308
muscle regeneration single-cell RNA-seq,200312591,GSE312591,RUNX1 is Expressed in a Subpopulation of Dermal Fibroblasts and is Associated with Disease Severity of Systemic Sclerosis [scRNA-seq],Expression profiling by high throughput sequencing,Homo sapiens,https://www.ncbi.nlm.nih.gov/geo/query/acc.cgi?acc=GSE312591
muscle regeneration single-cell RNA-seq,200311858,GSE311858,RUNX1 is Expressed in a Subpopulation of Dermal Fibroblasts and is Associated with Disease Severity of Systemic Sclerosis,Methylation profiling by genome tiling array,Homo sapiens,https://www.ncbi.nlm.nih.gov/geo/query/acc.cgi?acc=GSE311858
muscle regeneration single-cell RNA-seq,200301079,GSE301079,Single-cell RNA-seq analysis of immune cells isolated by FACS from zebrafish embryos after acute muscle injury using a novel irg1 knock-in reporter,Expression profiling by high throughput sequencing,Danio rerio,https://www.ncbi.nlm.nih.gov/geo/query/acc.cgi?acc=GSE301079
fibro-adipogenic progenitor single-cell RNA-seq muscle,200130977,GSE130977,Isolated fiber-type transcriptional profiles in human skeletal muscle,Expression profiling by high throughput sequencing,Homo sapiens,https://www.ncbi.nlm.nih.gov/geo/query/acc.cgi?acc=GSE130977
fibro-adipogenic progenitor single-cell RNA-seq muscle,200130646,GSE130646,Single-cell transcriptional profiles in human skeletal muscle,Expression profiling by high throughput sequencing,Homo sapiens,https://www.ncbi.nlm.nih.gov/geo/query/acc.cgi?acc=GSE130646
FAPs skeletal muscle single cell,200332757,GSE332757,Resident mesenchymal progenitor cells require autocrine IGF-I in homeostatic and regenerating skeletal muscle,Expression profiling by high throughput sequencing,Mus musculus,https://www.ncbi.nlm.nih.gov/geo/query/acc.cgi?acc=GSE332757
FAPs skeletal muscle single cell,200291091,GSE291091,MSC-dependent intercellular communication: an interactome for skeletal muscle homeostasis and regeneration,Expression profiling by high throughput sequencing,Mus musculus,https://www.ncbi.nlm.nih.gov/geo/query/acc.cgi?acc=GSE291091
FAPs skeletal muscle single cell,200298102,GSE298102,Single-Nucleus RNA Sequencing Reveals Molecular Determinants of Functional and Physiological Differences Between Extraocular and Quadriceps Muscles in Macaca fascicularis,Expression profiling by high throughput sequencing,Macaca fascicularis,https://www.ncbi.nlm.nih.gov/geo/query/acc.cgi?acc=GSE298102
FAPs skeletal muscle single cell,200270614,GSE270614,GSDME-controlled pyroptosis promotes muscle repair by coordinating tissue resident macrophages and fibro-adipogenic progenitors,Expression profiling by high throughput sequencing,Mus musculus,https://www.ncbi.nlm.nih.gov/geo/query/acc.cgi?acc=GSE270614
FAPs skeletal muscle single cell,200308267,GSE308267,Aberrant fibro-adipogenic progenitor subpopulations drive volumetric muscle loss-induced fibrosis,Expression profiling by high throughput sequencing; Other,Mus musculus,https://www.ncbi.nlm.nih.gov/geo/query/acc.cgi?acc=GSE308267
FAPs skeletal muscle single cell,200276162,GSE276162,Single-nucleus RNA sequencing combined with fluorescence in situ hybridization reveals Stat3 as a therapeutic target for ventilator-induced diaphragm dysfunction,Expression profiling by high throughput sequencing,Mus musculus,https://www.ncbi.nlm.nih.gov/geo/query/acc.cgi?acc=GSE276162
FAPs skeletal muscle single cell,200297956,GSE297956,Macrophage-derived Spp1 promotes an adipogenic stromal cell population that contributes to intramuscular fat in dystrophic muscle,Expression profiling by high throughput sequencing,Mus musculus,https://www.ncbi.nlm.nih.gov/geo/query/acc.cgi?acc=GSE297956
FAPs skeletal muscle single cell,200241675,GSE241675,Single-cell transcriptomic analysis reveals alterations to cellular dynamics and paracrine signalling in radiation-induced muscle pathology,Expression profiling by high throughput sequencing,Mus musculus,https://www.ncbi.nlm.nih.gov/geo/query/acc.cgi?acc=GSE241675
FAPs skeletal muscle single cell,200275143,GSE275143,The Fosl1-Kdm6b Axis Controls Skeletal Muscle Fibrosis by Regulating  Histone H3K27me3 [HiCAR],Other,Mus musculus,https://www.ncbi.nlm.nih.gov/geo/query/acc.cgi?acc=GSE275143
FAPs skeletal muscle single cell,200275142,GSE275142,The Fosl1-Kdm6b Axis Controls Skeletal Muscle Fibrosis by Regulating  Histone H3K27me3 [Cut&Tag],Genome binding/occupancy profiling by high throughput sequencing,Mus musculus,https://www.ncbi.nlm.nih.gov/geo/query/acc.cgi?acc=GSE275142
human skeletal muscle spatial transcriptomics aging,200294765,GSE294765,A skeletal muscle atlas shows neuromuscular junction adaptations to growth and atrophy,Expression profiling by high throughput sequencing; Other,Mus musculus,https://www.ncbi.nlm.nih.gov/geo/query/acc.cgi?acc=GSE294765
skeletal muscle spatial transcriptomics injury regeneration,200249517,GSE249517,Cold and hot fibrosis define clinically distinct cardiac pathologies,Other,Mus musculus,https://www.ncbi.nlm.nih.gov/geo/query/acc.cgi?acc=GSE249517
skeletal muscle spatial transcriptomics injury regeneration,200276450,GSE276450,Spatiotemporal transcriptomic mapping of regenerative inflammation in skeletal muscle reveals a dynamic multilayered tissue architecture,Other,Mus musculus,https://www.ncbi.nlm.nih.gov/geo/query/acc.cgi?acc=GSE276450
skeletal muscle spatial transcriptomics injury regeneration,200262945,GSE262945,Spatiotemporal transcriptomic mapping of regenerative inflammation in skeletal muscle reveals a dynamic multilayered tissue architecture,Genome binding/occupancy profiling by high throughput sequencing,Mus musculus,https://www.ncbi.nlm.nih.gov/geo/query/acc.cgi?acc=GSE262945
skeletal muscle spatial transcriptomics injury regeneration,200223813,GSE223813,Spatiotemporal transcriptomic mapping of regenerative inflammation in skeletal muscle reveals a dynamic multilayered tissue architecture,Expression profiling by high throughput sequencing; Other,Mus musculus,https://www.ncbi.nlm.nih.gov/geo/query/acc.cgi?acc=GSE223813
skeletal muscle spatial transcriptomics injury regeneration,200266933,GSE266933,Single-cell transcriptomic analysis of skeletal muscle regeneration across mouse lifespan identifies altered stem cell states associated with senescence,Expression profiling by high throughput sequencing,Mus musculus,https://www.ncbi.nlm.nih.gov/geo/query/acc.cgi?acc=GSE266933
skeletal muscle spatial transcriptomics injury regeneration,200245097,GSE245097,Spatial transcriptomics of the achilles tendon harvested from the injury site with and without TrkA neuronal inhibition,Expression profiling by high throughput sequencing; Other,Mus musculus,https://www.ncbi.nlm.nih.gov/geo/query/acc.cgi?acc=GSE245097
skeletal muscle spatial transcriptomics injury regeneration,200205707,GSE205707,Spatiotemporal mapping of immune and stem cell dysregulation after volumetric muscle loss,Other,Mus musculus; Canis lupus familiaris,https://www.ncbi.nlm.nih.gov/geo/query/acc.cgi?acc=GSE205707
skeletal muscle spatial transcriptomics injury regeneration,200215305,GSE215305,Muscle injury induces a transient senescence-like state that is required for myofiber growth during muscle regeneration [Spatial Transcriptomics],Expression profiling by high throughput sequencing,Mus musculus,https://www.ncbi.nlm.nih.gov/geo/query/acc.cgi?acc=GSE215305
skeletal muscle spatial transcriptomics injury regeneration,200214892,GSE214892,Muscle injury induces a transient senescence-like state that is required for myofiber growth during muscle regeneration,Expression profiling by high throughput sequencing,Mus musculus,https://www.ncbi.nlm.nih.gov/geo/query/acc.cgi?acc=GSE214892
skeletal muscle spatial transcriptomics injury regeneration,200200481,GSE200481,Spatial Total RNA-Sequencing of regenerating mouse hindlimb muscle and Type 1-Lang reovirus-infected mouse heart,Expression profiling by high throughput sequencing,Mus musculus,https://www.ncbi.nlm.nih.gov/geo/query/acc.cgi?acc=GSE200481
muscle fibrosis spatial transcriptomics,200329229,GSE329229,Analysis of mouse livers fed with high cholesterol diet and alcohol by spatial transcriptomics,Other,Mus musculus,https://www.ncbi.nlm.nih.gov/geo/query/acc.cgi?acc=GSE329229
muscle fibrosis spatial transcriptomics,200297745,GSE297745,IL-17A Neutralization Prevents Immune Checkpoint Inhibitor-Associated Myocarditis and Synergistically Enhances Immune Checkpoint Blockade Therapy,Other,Mus musculus,https://www.ncbi.nlm.nih.gov/geo/query/acc.cgi?acc=GSE297745
muscle fibrosis spatial transcriptomics,200320403,GSE320403,The role of retinoic acid receptor signaling in liver cells during Alcohol-associated liver disease resolution by spatial transcriptomics analysis,Other,Mus musculus,https://www.ncbi.nlm.nih.gov/geo/query/acc.cgi?acc=GSE320403
muscle fibrosis spatial transcriptomics,200311681,GSE311681,An immunobiliary single-cell atlas resolves crosstalk between type 2 conventional dendritic cells and γδ T cells in cholangitis,Other,Mus musculus,https://www.ncbi.nlm.nih.gov/geo/query/acc.cgi?acc=GSE311681
muscle fibrosis spatial transcriptomics,200317324,GSE317324,Type 2 lymphocytes restrict type 3 lymphocytes during liver fibrosis and co-localize in fibroblast niches,Other,Mus musculus,https://www.ncbi.nlm.nih.gov/geo/query/acc.cgi?acc=GSE317324
muscle fibrosis spatial transcriptomics,200311064,GSE311064,Cellular senescence in human liver under normal aging and cancer,Expression profiling by high throughput sequencing,Mus musculus,https://www.ncbi.nlm.nih.gov/geo/query/acc.cgi?acc=GSE311064
muscle fibrosis spatial transcriptomics,200310392,GSE310392,Cellular senescence in human liver under normal aging and cancer [Xenium],Other,Mus musculus,https://www.ncbi.nlm.nih.gov/geo/query/acc.cgi?acc=GSE310392
muscle fibrosis spatial transcriptomics,200281998,GSE281998,Extracellular matrix protein 1 shapes metabolic and spatial dynamics of the kidney fibrotic microenvironment,Other,Mus musculus,https://www.ncbi.nlm.nih.gov/geo/query/acc.cgi?acc=GSE281998
muscle fibrosis spatial transcriptomics,200306327,GSE306327,Scar-associated endothelial-stellate cellular crosstalk drives fibrosis resolution in MASH [Spatial Transcriptomics],Other,Mus musculus,https://www.ncbi.nlm.nih.gov/geo/query/acc.cgi?acc=GSE306327
muscle fibrosis spatial transcriptomics,200303631,GSE303631,Role of CDCP1 and Cardiac Fibrosis in a Mouse Model of Dilated Cardiomyopathy (DCM),Other,Mus musculus,https://www.ncbi.nlm.nih.gov/geo/query/acc.cgi?acc=GSE303631
bulk RNA-seq sarcopenia skeletal muscle,200279051,GSE279051,Estrogen signaling in PDGFRα+ cells positively regulates cortical bone metabolism via IGFBP5 in female mice.,Expression profiling by high throughput sequencing,Mus musculus,https://www.ncbi.nlm.nih.gov/geo/query/acc.cgi?acc=GSE279051
bulk RNA-seq sarcopenia skeletal muscle,200268952,GSE268952,Cellular senescence in skeletal muscle aging: new mechanisms and therapeutic potential for sarcopenia [RNA-seq],Expression profiling by high throughput sequencing,Mus musculus,https://www.ncbi.nlm.nih.gov/geo/query/acc.cgi?acc=GSE268952
bulk RNA-seq sarcopenia skeletal muscle,200167186,GSE167186,Single-nuclei profiling of aged skeletal muscle,Expression profiling by high throughput sequencing,Homo sapiens,https://www.ncbi.nlm.nih.gov/geo/query/acc.cgi?acc=GSE167186
bulk RNA-seq sarcopenia skeletal muscle,305098734,GSM5098734,X_81,,Homo sapiens,https://www.ncbi.nlm.nih.gov/geo/query/acc.cgi?acc=GSM5098734
bulk RNA-seq sarcopenia skeletal muscle,305098732,GSM5098732,X_7,,Homo sapiens,https://www.ncbi.nlm.nih.gov/geo/query/acc.cgi?acc=GSM5098732
bulk RNA-seq sarcopenia skeletal muscle,305098729,GSM5098729,X_77,,Homo sapiens,https://www.ncbi.nlm.nih.gov/geo/query/acc.cgi?acc=GSM5098729
bulk RNA-seq sarcopenia skeletal muscle,305098724,GSM5098724,X_72,,Homo sapiens,https://www.ncbi.nlm.nih.gov/geo/query/acc.cgi?acc=GSM5098724
bulk RNA-seq sarcopenia skeletal muscle,305098711,GSM5098711,X_5,,Homo sapiens,https://www.ncbi.nlm.nih.gov/geo/query/acc.cgi?acc=GSM5098711
bulk RNA-seq sarcopenia skeletal muscle,305098696,GSM5098696,X_46,,Homo sapiens,https://www.ncbi.nlm.nih.gov/geo/query/acc.cgi?acc=GSM5098696
bulk RNA-seq sarcopenia skeletal muscle,305098693,GSM5098693,X_43,,Homo sapiens,https://www.ncbi.nlm.nih.gov/geo/query/acc.cgi?acc=GSM5098693
bulk RNA-seq muscle fibrosis,200324326,GSE324326,A kidney-protective mechanism via cellular oxidative stress reduction induced by CD5L protein [UUO_bulk RNA-seq],Expression profiling by high throughput sequencing,Mus musculus,https://www.ncbi.nlm.nih.gov/geo/query/acc.cgi?acc=GSE324326
bulk RNA-seq muscle fibrosis,200306787,GSE306787,Sorbs2 Deficiency Causes Diastolic Dysfunction Through Dysregulation of Cytoskeletal Networks and Calcium Handling,Expression profiling by high throughput sequencing,Mus musculus,https://www.ncbi.nlm.nih.gov/geo/query/acc.cgi?acc=GSE306787
bulk RNA-seq muscle fibrosis,200314094,GSE314094,Pre-emptive Post-Reperfusion Cardioprotection with a Small Molecule in Rodents that Suppresses Genes Predictive of Heart Failure in Reperfused STEMI Patients,Expression profiling by high throughput sequencing,Rattus norvegicus,https://www.ncbi.nlm.nih.gov/geo/query/acc.cgi?acc=GSE314094
bulk RNA-seq muscle fibrosis,200326865,GSE326865,"Heart ventricle regeneration in the lizard Eublepharis macularius, the leopard gecko",Expression profiling by high throughput sequencing,Eublepharis macularius,https://www.ncbi.nlm.nih.gov/geo/query/acc.cgi?acc=GSE326865
bulk RNA-seq muscle fibrosis,200305616,GSE305616,Lipodystrophy and recovery are mediated by the Wnt/lipogenesis axis during skin fibrosis.,Expression profiling by high throughput sequencing,Mus musculus,https://www.ncbi.nlm.nih.gov/geo/query/acc.cgi?acc=GSE305616
bulk RNA-seq muscle fibrosis,200325955,GSE325955,The Transcription Factor TCF21 is Necessary for Adoption of Cell Fates by Foxd1+ Stromal Progenitors during Kidney Development,Genome binding/occupancy profiling by high throughput sequencing; Expression profiling by high throughput sequencing,Mus musculus,https://www.ncbi.nlm.nih.gov/geo/query/acc.cgi?acc=GSE325955
bulk RNA-seq muscle fibrosis,200245857,GSE245857,Hepatic stellate cell-derived thrombospondin-2 as a novel therapeutic target for liver fibrosis,Expression profiling by high throughput sequencing,Mus musculus,https://www.ncbi.nlm.nih.gov/geo/query/acc.cgi?acc=GSE245857
bulk RNA-seq muscle fibrosis,200322841,GSE322841,GPR30-mediated NETs degradation via Trex1 in heart failure of aged female mice,Expression profiling by high throughput sequencing,Mus musculus,https://www.ncbi.nlm.nih.gov/geo/query/acc.cgi?acc=GSE322841
bulk RNA-seq muscle fibrosis,200309791,GSE309791,Inhalable Nanomedicine Targeting Macrophages for Modulation of the STING Pathway in Pulmonary Fibrosis Therapy,Expression profiling by high throughput sequencing,Mus musculus,https://www.ncbi.nlm.nih.gov/geo/query/acc.cgi?acc=GSE309791
bulk RNA-seq muscle fibrosis,200298633,GSE298633,Clec3b⁺ fibroblasts are the primary effectors of portal fibrosis following activation via a KLF4/periostin axis,Expression profiling by high throughput sequencing,Mus musculus,https://www.ncbi.nlm.nih.gov/geo/query/acc.cgi?acc=GSE298633
